###################################################################;;;;;;;;;;;X
# Alerts;;;;;;;;;;;X
###################################################################;;;;;;;;;;;X
alert_country_at_war_instant;Y我国已经进入战争状态!W;;;;;;;;;;X
alert_country_at_war_delayed;我国已经与$LIST$开战;;;;;;;;;;X
alert_troops_in_foreign_territory_instant;Y您有部队在外国领土上。W;;;;;;;;;;X
alert_troops_in_foreign_territory_delayed;处于$LIST$。;;;;;;;;;;X
alert_deployable_units_instant;Y我军尚有部队可供部署。W;;;;;;;;;;X
alert_deployable_units_delayed;$LIST$;;;;;;;;;;X
alert_revoltrisk_in_provinces_instant;Y产生游击队的可能性W;;;;;;;;;;X
alert_revoltrisk_in_provinces_delayed;以下省份正面临游击队暴动的风险：\n$LIST$;;;;;;;;;;X
alert_can_invite_to_faction_instant;Y邀请加入您的阵营的可能性W;;;;;;;;;;X
alert_can_invite_to_faction_delayed;您可以邀请$LIST$加入您的阵营。;;;;;;;;;;X
alert_resource_panic_instant;Y以下资源储备即将耗尽：W;;;;;;;;;;X
alert_resource_panic_delayed;$LIST$;;;;;;;;;;X
alert_possible_law_instant;Y更有效的法案可供颁布!W;;;;;;;;;;X
alert_possible_law_delayed;$LIST$;;;;;;;;;;X
alert_free_tech_slots_instant;Y可以有更多的科研项目。W;;;;;;;;;;X
alert_free_tech_slots_delayed;我们尚未最有效地使用我们的领导力，\n我们尚有余力开展更多的研究。;;;;;;;;;;X
alert_wasted_ic_instant;YIC被浪费了!W;;;;;;;;;;X
alert_wasted_ic_delayed;$LIST$;;;;;;;;;;X
alert_tech_far_ahead_instant;Y低效率的研究W;;;;;;;;;;X
alert_tech_far_ahead_delayed;$LIST$;;;;;;;;;;X
alert_lack_of_troops_instant;Y缺乏部队W;;;;;;;;;;X
alert_lack_of_troops_delayed;$LIST$;;;;;;;;;;X
alert_bad_supply_instant;Y以下单位缺少补给W;;;;;;;;;;X
alert_bad_supply_delayed;$LIST$;;;;;;;;;;X
RES_OUT_IN_X_DAYS;Y$NAME$W的储备将会在R$DAYS$W天内耗尽。;;;;;;;;;;X
POSSIBLE_LAW;在$GROUP$项目可以颁布实施Y$LAW$W法案(花费Y$MONEY$W)。;;;;;;;;;;X
POSSIBLE_WASTED;我们在Y$NAME$W上浪费了R$IC$WIC。;;;;;;;;;;X
TECH_AHEAD;Y$NAME$W的研究提前了R$YEAR$W年。;;;;;;;;;;X
###################################################################;;;;;;;;;;;X
# Mapmode Buttons;;;;;;;;;;;X
###################################################################;;;;;;;;;;;X
MAPMODE_1;地形地图;;;;;;;;;;X
MAPMODE_2;政治地图;;;;;;;;;;X
MAPMODE_3;天气地图;;;;;;;;;;X
MAPMODE_4;情报地图;;;;;;;;;;X
MAPMODE_5;游击地图;;;;;;;;;;X
MAPMODE_6;外交地图;;;;;;;;;;X
MAPMODE_7G;地区地图;;;;;;;;;;X
MAPMODE_8;补给地图;;;;;;;;;;X
MAPMODE_9;交通地图;;;;;;;;;;X
MAPMODE_10;胜利点地图;;;;;;;;;;X
MAPMODE_11;战区地图;;;;;;;;;;X
MAPMODE_12;部队地图;;;;;;;;;;X
MAPMODE_13;资源地图;;;;;;;;;;X
###################################################################;;;;;;;;;;;X
# Modifiers;;;;;;;;;;;X
###################################################################;;;;;;;;;;;X
MODIFIER_ADDED;$WHERE$获得了\n“Y$WHAT$W”\n到Y$DATE$W为止，\n提供了如下效果：\n$EFFECT$\n\n;;;;;;;;;;X
MODIFIER_INFRASTRUCTURE;基础设施;;;;;;;;;;X
MODIFIER_LOCAL_INFRASTRUCTURE;基础设施;;;;;;;;;;X
MODIFIER_GLOBAL_INFRASTRUCTURE;基础设施;;;;;;;;;;X
MODIFIER_IC;IC;;;;;;;;;;X
MODIFIER_LOCAL_IC;IC;;;;;;;;;;X
MODIFIER_GLOBAL_IC;IC;;;;;;;;;;X
MODIFIER_LOCAL_CRUDE_OIL;原油;;;;;;;;;;X
MODIFIER_GLOBAL_CRUDE_OIL;原油;;;;;;;;;;X
MODIFIER_LOCAL_ENERGY;能源;;;;;;;;;;X
MODIFIER_GLOBAL_ENERGY;能源;;;;;;;;;;X
MODIFIER_LOCAL_METAL;金属;;;;;;;;;;X
MODIFIER_GLOBAL_METAL;金属;;;;;;;;;;X
MODIFIER_LOCAL_RARE_MATERIALS;稀有原料;;;;;;;;;;X
MODIFIER_GLOBAL_RARE_MATERIALS;稀有原料;;;;;;;;;;X
MODIFIER_LOCAL_SUPPLIES;补给品;;;;;;;;;;X
MODIFIER_GLOBAL_SUPPLIES;补给品;;;;;;;;;;X
MODIFIER_LOCAL_FUEL;燃料;;;;;;;;;;X
MODIFIER_GLOBAL_FUEL;燃料;;;;;;;;;;X
MODIFIER_LOCAL_MONEY;资金;;;;;;;;;;X
MODIFIER_GLOBAL_MONEY;资金;;;;;;;;;;X
MODIFIER_LOCAL_LEADERSHIP;领导力;;;;;;;;;;X
MODIFIER_GLOBAL_LEADERSHIP;领导力;;;;;;;;;;X
MODIFIER_LOCAL_LEADERSHIP_MODIFIER;领导力修正;;;;;;;;;;X
MODIFIER_GLOBAL_LEADERSHIP_MODIFIER;领导力修正;;;;;;;;;;X
MODIFIER_DRIFT_SPEED;内部原因导致的立场变化;;;;;;;;;;X
MODIFIER_SUSEPTIBILITY;遭受外部压力;;;;;;;;;;X
MODIFIER_TERRITORIAL_PRIDE;领土自豪感;;;;;;;;;;X
MODIFIER_WAR_CONSUMER_GOODS_DEMAND;战争期间消费品需求;;;;;;;;;;X
MODIFIER_PEACE_CONSUMER_GOODS_DEMAND;和平时期消费品需求;;;;;;;;;;X
MODIFIER_ESPIONAGE_BONUS;间谍加成;;;;;;;;;;X
MODIFIER_NATIONAL_UNITY;国家凝聚力;;;;;;;;;;X
MODIFIER_DISSENT;每天异议度变化;;;;;;;;;;X
MODIFIER_CONSUMER_GOODS;生活消费品;;;;;;;;;;X
MODIFIER_SUPPLY_CONSUMPTION;补给品消耗量;;;;;;;;;;X
MODIFIER_PEACETIME_MANPOWER_ROTATION;和平时期复员损耗;;;;;;;;;;X
MODIFIER_UNIT_RECRUITMENT_TIME;部队招募时间;;;;;;;;;;X
MODIFIER_UNIT_START_EXPERIENCE;初始经验;;;;;;;;;;X
MODIFIER_UNIT_REPAIR;维修速度;;;;;;;;;;X
MODIFIER_COUNTER_INTELLIGENCE;反情报;;;;;;;;;;X
MODIFIER_COUNTER_ESPIONAGE;反间谍;;;;;;;;;;X
MODIFIER_THREAT_IMPACT;威胁影响;;;;;;;;;;X
MODIFIER_PEACE_OFFMAP_INTEL;和平时期情报;;;;;;;;;;X
MODIFIER_OFFMAP_LAND_INTEL;陆军情报;;;;;;;;;;X
MODIFIER_OFFMAP_NAVAL_INTEL;海军情报;;;;;;;;;;X
MODIFIER_OFFMAP_INDUSTRY_INTEL;工业情报;;;;;;;;;;X
MODIFIER_OFFMAP_POLITICAL_INTEL;政治情报;;;;;;;;;;X
MODIFIER_COMBAT_MOVEMENT_SPEED;战斗运动速度;;;;;;;;;;X
MODIFIER_ATTACK_REINFORCE_CHANCE;攻击支援几率;;;;;;;;;;X
MODIFIER_DEFEND_REINFORCE_CHANCE;防御支援几率;;;;;;;;;;X
MODIFIER_COMBAT_WIDTH;战场宽度;;;;;;;;;;X
MODIFIER_ORG_REGAIN;组织度回复速度;;;;;;;;;;X
MODIFIER_NATIONAL_UNITY_EFFECT;国家凝聚力影响;;;;;;;;;;X
MODIFIER_RULING_PARTY_SUPPORT;执政党支持率;;;;;;;;;;X
MODIFIER_LAND_ORGANISATION;陆军组织度;;;;;;;;;;X
MODIFIER_AIR_ORGANISATION;空军组织度;;;;;;;;;;X
MODIFIER_NAVAL_ORGANISATION;海军组织度;;;;;;;;;;X
COASTAL_FORT_LEVEL;海岸堡垒等级;;;;;;;;;;X
MODIFIER_CONSUMER_GOODS_DEMAND;消费品需求;;;;;;;;;;X
MODIFIER_LOCAL_AA;防空;;;;;;;;;;X
MODIFIER_INDUSTRIAL_EFFICIENCY;IC 生产效率;;;;;;;;;;X
MODIFIER_LOCAL_PARTISAN_SUPPORT;本地游击队支持率;;;;;;;;;;X
MODIFIER_RESERVES_PENALTY_SIZE;后备惩罚影响;;;;;;;;;;X
MODIFIER_NEUTRALITY_CHANGE;改变中立;;;;;;;;;;X
MODIFIER_NAVAL_BASE_EFFICIENCY;海军基地效率;;;;;;;;;;X
MODIFIER_PARTISAN_EFFICENCY;游击队效率;;;;;;;;;;X
MODIFIER_SUPPLY_THROUGHPUT;补给吞吐能力;;;;;;;;;;X
###################################################################;;;;;;;;;;;X
# Rules;;;;;;;;;;;X
###################################################################;;;;;;;;;;;X
RULE_LIMITED_WAR;有限战争;;;;;;;;;;X
RULE_ALLIANCE_GUARANTEE;全联盟保障;;;;;;;;;;X
RULE_FREE_RESOURCE_GIFTS;自由资源交易;;;;;;;;;;X
###################################################################;;;;;;;;;;;X
# Resource Tooltips;;;;;;;;;;;X
###################################################################;;;;;;;;;;;X
INFRA_IRO;Y基础设施W;;;;;;;;;;X
INFRA_DRO;基础设施可以衡量一个省份公路铁路水平的数值。\n较好的基础设施不但可以使军队移动加快，\n还可以运送更多补给。;;;;;;;;;;X
IC_IRO;Y工业生产力(IC)W;;;;;;;;;;X
IC_DRO;工业生产力(IC)反映你的工业水准。基础IC是你各省份IC的\n总和。基础IC经过科技、部长等修正后成为可用IC。浪费\n的IC是超过生产需求的部分的总和。每个单位IC每天需要\n2单位能源、1单位金属、0.5单位稀有原料来维持。;;;;;;;;;;X
ENERGY_IRO;Y能源W;;;;;;;;;;X
ENERGY_DRO;能源生产涉及各种方式，但是主要是煤。\n能源是维持IC的必需品。;;;;;;;;;;X
METAL_IRO;Y金属W;;;;;;;;;;X
METAL_DRO;重工业需要各种金属矿产，主要是铁矿石。\n金属也是维持IC的必需品。;;;;;;;;;;X
RAREMAT_IRO;Y稀有原料W;;;;;;;;;;X
RAREMAT_DRO;稀有原料包括战争必不可少的材料，\n例如天然橡胶、稀有金属铬等。\n是维持IC的必需品。;;;;;;;;;;X
CRUDE_OIL_IRO;Y原油W;;;;;;;;;;X
CRUDE_OIL_DRO;原油是现代军队运转不可或缺的。\n但首先必须提炼成可用的物品。;;;;;;;;;;X
FUEL_IRO;Y燃料W;;;;;;;;;;X
FUEL_DRO;油料，(汽油、机油、润滑油)，是由原油提炼而成。\n所有的摩托化单位、飞机、舰船都需要燃料。;;;;;;;;;;X
SUPPLIES_IRO;Y补给品W;;;;;;;;;;X
SUPPLIES_DRO;补给品涵盖现代军队除了油料之外的所有物资，\n最重要的也许就是弹药了。\n补给品可以用IC生产得到。;;;;;;;;;;X
MONEY_IRO;Y资金W;;;;;;;;;;X
MONEY_DRO;资金储备包括黄金和外汇，\n可用于向外国购买本国短缺的物资。\n资金可以通过IC的生产得到。;;;;;;;;;;X
RES_CHANGE;每天改变$VAL$。\n;;;;;;;;;;X
RES_PROD;$VAL$本土生产。\n;;;;;;;;;;X
RES_CONVOYED_IN;$VAL$护航输入。\n;;;;;;;;;;X
RES_TRADED_FOR;$VAL$来自交易。\n;;;;;;;;;;X
RES_INC_DEBT;$VAL$偿还债务。\n;;;;;;;;;;X
RES_FROM_PUPPETS;$VAL$来自傀儡国。\n;;;;;;;;;;X
RES_CONVERTED;$VAL$来自转化。\n;;;;;;;;;;X
RES_TRADED_AWAY;$VAL$来自交易。\n;;;;;;;;;;X
RES_REPAID_AWAY;$VAL$来自还款。\n;;;;;;;;;;X
RES_CONVOYED_OUT;$VAL$护航输出。\n;;;;;;;;;;X
RES_SENT_TO_MASTER;$VAL$送给宗主国。\n;;;;;;;;;;X
RES_USED;$VAL$来自消耗。\n;;;;;;;;;;X
IC_NUMBER_IRO;浪费IC：Y$WASTED$W，基础IC：Y$BASE$W，可用IC：Y$AVAILABLE$W。\n;;;;;;;;;;X
DISSENT_IRO;Y不满度W;;;;;;;;;;X
DISSENT_DRO;我们的人民有点不满，\n这可以靠提高消费品生产来降低。\n如果无视它，这将削弱对执政党的支持。;;;;;;;;;;X
DISSENTV_IRO;以目前对消费品的投资水平，\n不满每天将改变$CHANGE$。;;;;;;;;;;X
DISSENTV_IRO2;下列情况会增加持不同政见者。\n;;;;;;;;;;X
DISSENTV_IRO3;我们的不满度给予我们以下惩罚:\n;;;;;;;;;;X
NATIONAL_UNITY_IRO;Y国家凝聚力W;;;;;;;;;;X
NATIONAL_UNITY_DRO;国家凝聚力反映了本国人民夺取战争胜利的愿望。\n数值越高，\n该国在投降以及政府流亡时的抵抗时间将会越长。;;;;;;;;;;X
OFFICERS_IRO;Y军官比例W;;;;;;;;;;X
OFFICERS_DRO;当军官和部队的比例低于100%时，\n我们的军队更容易在战斗中由于大量的损失而被击溃。;;;;;;;;;;X
MANPOWER_IRO;Y人力W;;;;;;;;;;X
MANPOWER_DRO;人力反映了我国适龄的可供征召入伍的男性数量。\n人力可以用于建立新部队或补充已有军队。;;;;;;;;;;X
MANPOWER_DETAILS_IRO;我军需要Y$NEED$W人力来使部队满员，\n我们每天可以补充Y$USED$W。;;;;;;;;;;X
MANPOWER_DETAILS_DRO;每月获得：Y$MONTHLY$W\n基础：Y$BASE$W\n;;;;;;;;;;X
OFFICER_NUMBER_IRO;我们将Y$OFFICERS$W军官编入Y$DIVISIONS$W旅，\n每个旅需要Y$EACH$W军官。\n我们每天可以培训Y$DAILY$W新军官。;;;;;;;;;;X
SPIES_NUMBER_IRO;这是我们每天培训的间谍数量。;;;;;;;;;;X
ESPIONAGE_IRO;Y间谍W;;;;;;;;;;X
ESPIONAGE_DRO;间谍不仅仅是刺探情报，我们要全力支持他们。\n这些人都是训练有素的秘密间谍，\n他们将有助于我们颠覆其他国家并保护我们自己。;;;;;;;;;;X
DIPLOINF_IRO;Y外交点数W;;;;;;;;;;X
DIPLOINF_DRO;这意味着我们有一批训练有素的专业外交人员\n可以用于执行外交任务。;;;;;;;;;;X
DIPDETAILS_IRO;每天我们的外交点数改变了$DAILY$W。\n G+$PRODUCED$W 来自领导力\n R-$UPKEEP$W 用于影响其他国家。;;;;;;;;;;X
SLIDER_NEED;需要：;;;;;;;;;;X
###################################################################;;;;;;;;;;;X
# Production Sliders;;;;;;;;;;;X
###################################################################;;;;;;;;;;;X
dissent;不满度;;;;;;;;;;X
Industrial_Capacity;工业能力;;;;;;;;;;X
ic_value;IC值;;;;;;;;;;X
IC_need;IC需求;;;;;;;;;;X
DISTRIBUTE_CONSUMER_GOODS;生活消费品;;;;;;;;;;X
DISTRIBUTE_PRODUCTION;军事生产;;;;;;;;;;X
DISTRIBUTE_SUPPLY;补给生产;;;;;;;;;;X
DISTRIBUTE_REINFORCE;增援;;;;;;;;;;X
DISTRIBUTE_UPGRADE;升级;;;;;;;;;;X
DCG_MONEY;在消费品生产中投放了Y$IC$W%的IC\n这将使我们每天获得$VAL$资金。;;;;;;;;;;X
DCG_TROOPS_GOODS;我们有Y$TROOPS$W正规部队及已被动员的后备部队，\n需要Y$IC$%W的IC投入消费品生产。;;;;;;;;;;X
DCG_DISSENT;消费品生产每天改变$VAL$不满度。;;;;;;;;;;X
DCG_SUPPLIES;我们每天投入Y$IC$W%的IC生产补给品，\n我们每天生产$VAL$单位的补给品。;;;;;;;;;;X
DCG_UPGRADE;我们每天投入Y$IC$WIC用于升级Y$UNITS$W个部队。 ;;;;;;;;;;X
DCG_UPGRADE_OK;我们的预算绰绰有余。;;;;;;;;;;X
DCG_UPGRADE_BAD;以我们现有的预算，我们只能完成R$VAL$W%部队的升级。;;;;;;;;;;X
DCG_REINFORCE;以我们现有的预算，我们只能完成Y$VAL$W%部队的补充。;;;;;;;;;;X
DCG_PRODUCTION;以我们现有的预算，我们只能完成Y$VAL$W%的军事生产。\n我们需要Y$NEED$WIC，现在只有Y$USE$W。;;;;;;;;;;X
###################################################################;;;;;;;;;;;X
# Leadership Sliders;;;;;;;;;;;X
###################################################################;;;;;;;;;;;X
DISTRIBUTE_NCO;军官;;;;;;;;;;X
DISTRIBUTE_DIPLOMACY;外交;;;;;;;;;;X
DISTRIBUTE_ESPIONAGE;情报;;;;;;;;;;X
DISTRIBUTE_RESEARCH;科研;;;;;;;;;;X
DCG_DIPLOMACY;以我们现有的领导力投入，\n我们能让外交点数每天增加Y$VAL$W。\n我们每天消耗Y$UPKEEP$W外交点数用于影响其他国家。;;;;;;;;;;X
DCG_RESEARCH;我们开展了Y$COUNT$W项的研究，\n由于投入了$SPEED$领导力，\n我们的研究每天进展$PERCENT$。;;;;;;;;;;X
DCG_ESPIONAGE;我们在谍报领域投入的领导力\n每天为情报网提供Y$VAL$W间谍。;;;;;;;;;;X
DCG_OFFICERS;我们现有的领导力\n每天为我们提供Y$VAL$W军官。;;;;;;;;;;X
###################################################################;;;;;;;;;;;X
# Tech Trees;;;;;;;;;;;X
###################################################################;;;;;;;;;;;X
TTE_ALREADY;这项技术的研究正在研究。;;;;;;;;;;X
START_RESEARCH;开始研究。如果领导力的投入足够，\n我们将花费Y$DAYS$W天来完成研究。;;;;;;;;;;X
ALREADY_RESEARCHED;我们已经了解了这一技术。;;;;;;;;;;X
CURR_RES_LABEL;现有$CURR$项研究，最多Y$MAX$W项。;;;;;;;;;;X
TECH_ICON_SPEED_MOD;我们有Y$SKILL$W级别的Y$NAME$W，\n它可以提供Y$PERCENT$%W的加成，\n使研究速度提高$SPEED$%W。;;;;;;;;;;X
ICON_FINISH;研究此技术将使Y$NAME$W的级别G+1W。;;;;;;;;;;X
TECH_PROGR_TT;研究进度Y$PERC$%W。;;;;;;;;;;X
DIFFICULTY_TECH;难度;;;;;;;;;;X
TECHTREE_CURR_EFF;研究带来了以下效果：\n;;;;;;;;;;X
TECHTREE_NO_CURR_EFF;这一技术没有直接效果。;;;;;;;;;;X
TECH_TREE_INFO;目前，我们的正在研究Y$LEVEL$W级的Y$NAME$W。\n;;;;;;;;;;X
TECH_SUSPEND;取消研究;;;;;;;;;;X
###################################################################;;;;;;;;;;;X
# Construction Interface;;;;;;;;;;;X
###################################################################;;;;;;;;;;;X
B_INDUSTRY;工业;;;;;;;;;;X
B_ANTI_AIR;防空;;;;;;;;;;X
B_BRIG_ATTACH;附加旅;;;;;;;;;;X
B_AIR_BASE;空军基地;;;;;;;;;;X
B_NAVAL_BASE;海军基地;;;;;;;;;;X
B_RADAR_STATION;雷达;;;;;;;;;;X
B_NUCLEAR_REACTOR;核反应堆;;;;;;;;;;X
B_ROCKET_TEST;火箭试验场;;;;;;;;;;X
B_CONVOY;运输舰;;;;;;;;;;X
B_ESCORT;护航舰;;;;;;;;;;X
BUILD_DIVISION;陆军师;;;;;;;;;;X
BUILD_AIR;空军联队;;;;;;;;;;X
BUILD_SHIP;海军舰船;;;;;;;;;;X
PW_ENERGY;能源;;;;;;;;;;X
PW_METAL;金属;;;;;;;;;;X
PW_RM;稀有原料;;;;;;;;;;X
PW_FUEL;燃料;;;;;;;;;;X
PW_CRUDE_OIL;原油;;;;;;;;;;X
PW_SUPPLIES;补给品;;;;;;;;;;X
PW_MONEY;资金;;;;;;;;;;X
PW_NUM_BRIGADES;旅:;;;;;;;;;;X
PW_ALLOWED_BRIGADES;允许:;;;;;;;;;;X
PW_IC_COST;IC 消耗;;;;;;;;;;X
PW_MP_COST;人力消耗;;;;;;;;;;X
PW_BUILD_TIME;时间消耗;;;;;;;;;;X
PW_PARALELL;同时制造;;;;;;;;;;X
PW_SERIAL;依次制造;;;;;;;;;;X
CLOSE;关闭;;;;;;;;;;X
CC_ESCORT;护航舰;;;;;;;;;;X
CC_CONVOY;运输舰;;;;;;;;;;X
START_PRODUCTION;开始建造;;;;;;;;;;X
PW_TEMPLATE_1;模板 I;;;;;;;;;;X
PW_TEMPLATE_2;模板 II;;;;;;;;;;X
PW_TEMPLATE_3;模板 III;;;;;;;;;;X
PW_TEMPLATE_4;模板 IV;;;;;;;;;;X
PW_TEMPLATE_5;模板 V;;;;;;;;;;X
PW_TEMPLATE_6;模板 VI;;;;;;;;;;X
PW_TEMPLATE_7;模板 VII;;;;;;;;;;X
PW_TEMPLATE_8;模板 VIII;;;;;;;;;;X
PW_TEMPLATE_9;模板 IX;;;;;;;;;;X
PW_TEMPLATE_10;模板 X;;;;;;;;;;X
PW_TEMPLATE_11;模板 XI;;;;;;;;;;X
PW_TEMPLATE_12;模板 XII;;;;;;;;;;X
TC_BUILD_COST_AND_TIME;降低建设成本和时间;;;;;;;;;;X
PW_SAVE_TEMP;保存模板;;;;;;;;;;X
PEN_CANCEL_PRODU;取消建造;;;;;;;;;;X
PEN_CANCEL_PRODU_DRO;取消建造意味着你过去在这一项目的投入都没了。;;;;;;;;;;X
PEN_MAX_PRIO;设置为最优先。;;;;;;;;;;X
PEN_PRIO;提高优先级;;;;;;;;;;X
PEN_NON_PRIO;降低优先级;;;;;;;;;;X
PEN_MAX_NON_PRIO;设置为最不优先;;;;;;;;;;X
PEN_FULL_SPEED;该项目全力生产中。;;;;;;;;;;X
PEN_PARTIAL_PROGRESS;这一项目按$PERC$%的速度生产。你可以投入更多的IC来提高生产速度。;;;;;;;;;;X
PEN_NO_PROGRESS;该项目毫无进展。;;;;;;;;;;X
NO_NEEDS_FOR_BUILDS;这一战区并不急需投入新的部队.;;;;;;;;;;X
###################################################################;;;;;;;;;;;X
# Convoy Interface;;;;;;;;;;;X
###################################################################;;;;;;;;;;;X
PW_AVAILABLE_TRANSPORT_ESCORT;可用的运输舰/护航舰;;;;;;;;;;X
PW_CREATE_CONVOY;创建护航舰队;;;;;;;;;;X
PW_CONVOYS;护航舰队;;;;;;;;;;X
CONVOYS_RUNNING;运转中的护航舰队: Y$ACTIVE$/$TOTAL$W;;;;;;;;;;X
CONVOYS_AVAIL;有$TRA$运输舰和$ESC$护航舰可用。;;;;;;;;;;X
CDW_AUTO_RES;自动创建/取消资源护航舰队;;;;;;;;;;X
CDW_AUTO_SUP;自动创建/取消补给护航舰队;;;;;;;;;;X
CDW_AUTO_MAIN;自动补充运输舰/护航舰;;;;;;;;;;X
CDW_CREATE_RES;创建资源护航舰队;;;;;;;;;;X
CDW_CREATE_SUP;创建补给护航舰队;;;;;;;;;;X
CDW_ORIGIN;选择护航舰队的出发地;;;;;;;;;;X
CDW_DESTINATION;选择护航舰队的目的地;;;;;;;;;;X
CONV_SHIP_IRO;每天运输Y$VALUE$W单位$NAME$。\n;;;;;;;;;;X
NO_CONVOY_SHIP;该护航舰队昨天没有运输物资。\n;;;;;;;;;;X
CONV_EFF_IRO;鉴于运输舰的数量，\n该船队保持着Y$EFF$%W的运输效率。;;;;;;;;;;X
###################################################################;;;;;;;;;;;X
# Unit Interface;;;;;;;;;;;X
###################################################################;;;;;;;;;;;X
UNIT_DETACH;脱离指挥;;;;;;;;;;X
UNIT_ATTACH;加入指挥;;;;;;;;;;X
CREATE_CORPS;创建新的军;;;;;;;;;;X
CREATE_ARMY;创建新的集团军;;;;;;;;;;X
CREATE_ARMYGROUP;创建新的集群;;;;;;;;;;X
SUBTT_STRENGTH;兵力;;;;;;;;;;X
SUBTT_ORG;组织度;;;;;;;;;;X
SUBTT_EXP;经验;;;;;;;;;;X
LOAD_CAPACITY_LABEL;可以携带$NUM$物资。;;;;;;;;;;X
TOTAL_WEIGHT;该单位重量为$NUM$。;;;;;;;;;;X
AIR_COUNT;Y$FIGHTER$W战斗机与Y$BOMBER$W轰炸机。;;;;;;;;;;X
NAVAL_COUNT;Y$CAPITAL$W主力舰与Y$ESCORTS$W护卫舰及Y$OTHER$W其他舰船。;;;;;;;;;;X
LAND_COUNT;Y$NUM$W旅;;;;;;;;;;X
NUM_GROUPS;集群;;;;;;;;;;X
NUM_ARMIES;集团军;;;;;;;;;;X
NUM_CORPS;军;;;;;;;;;;X
NUM_DIVISONS;师;;;;;;;;;;X
SHATTER_TOOLTIP;这支部队兵力为Y$STRENGTH$%W，如果在战斗中低于Y$THRESHOLD$%W则会溃散。\nY军官比例加成：+$OFFICER$%\nY经验加成：+$EXP$%\nY将领$NAME$技能加成：+$LEADER$%\n;;;;;;;;;;X
SUPPLIED_FROM;补给来自：;;;;;;;;;;X
DISBAND_UNIT;解散单位;;;;;;;;;;X
DISBAND_UNIT_DRO;解散军队将减少国家的补给维护和燃料的开支。\n如果这个单位有兵力，\n这样将解放人力去加强更加重要区域的单位。;;;;;;;;;;X
NEW_UNIT;创建新的单位;;;;;;;;;;X
NEW_UNIT_DRO;创建新的部队可以产生一个空编制的部队，你可以用现有部\n队加入它的编制。;;;;;;;;;;X
OSELECT_UNIT;选择;;;;;;;;;;X
OSELECT_UNIT_DRO;如果您选定多个单位，这个选项可以让它被选中。;;;;;;;;;;X
DESELECT_UNIT;不选择现在的单位;;;;;;;;;;X
DESELECT_UNIT_DRO;这个按钮将会关闭当前单位的窗口;;;;;;;;;;X
MERGE_UNITS;合并所有单位;;;;;;;;;;X
MERGE_UNITS_DRO;合并选择的单位，使之变成一个新的部队。;;;;;;;;;;X
REORGANISE_UNITS;重组这两个单位;;;;;;;;;;X
NO_REORGANISE_UNITS;你可以选择两个单位进行重组。;;;;;;;;;;X
REORGANISE_UNITS_DRO;这两个单位的重组将让您在两个单位之间调整下级部队;;;;;;;;;;X
TRANSFER_SUB;转移;;;;;;;;;;X
TRANSFER_SUB_DRO;点击这里可以将下级部队转给另一只部队。;;;;;;;;;;X
OBJECTIVES;目标;;;;;;;;;;X
NO_OBJECTIVES;没有目标;;;;;;;;;;X
AUTOMATED;电脑控制;;;;;;;;;;X
UNIT_MODELS;现有型号;;;;;;;;;;X
UNIT_STATS;统计;;;;;;;;;;X
CONFIRM_DISBAND_TITLE;你想要解散这个单位吗？;;;;;;;;;;X
CONFIRM_DISBAND_DESC;这将会让这支部队彻底消失，\n你将不再需要为它承担维护开销。\n此单位的所有兵力将转为人力。;;;;;;;;;;X
SUNK_SHIP_LABEL;被$NAME$击沉。;;;;;;;;;;X
SUNK_SHIPS;击沉的舰船;;;;;;;;;;X
PROMOTE;晋升;;;;;;;;;;X
NAME;姓名;;;;;;;;;;X
SKILL;技能;;;;;;;;;;X
RANK;军衔;;;;;;;;;;X
TRAITS;特性;;;;;;;;;;X
###################################################################;;;;;;;;;;;X
# Combat Interface;;;;;;;;;;;X
###################################################################;;;;;;;;;;;X
BATTLE_OF;在以下地区的战斗：;;;;;;;;;;X
BOMBING_OF;在以下地区的轰炸：;;;;;;;;;;X
BATTLE_FIRINGRANGE;炮火的有效距离;;;;;;;;;;X
COMB_TT_VS;R对抗W;;;;;;;;;;X
###################################################################;;;;;;;;;;;X
# Trading;;;;;;;;;;;X
###################################################################;;;;;;;;;;;X
PW_TRADE_ROUTES;贸易路线;;;;;;;;;;X
PW_EXPORT;出口;;;;;;;;;;X
PW_IMPORT;进口;;;;;;;;;;X
PW_EXPORTING;将Y$NUM$ $TYPE$W出口到Y$COUNTRY$W;;;;;;;;;;X
PW_IMPORTING;从Y$COUNTRY$W进口Y$NUM$ $TYPE$W;;;;;;;;;;X
PW_ORIGINAL;Y$COUNTRY$W提供的生产许可;;;;;;;;;;X
###################################################################;;;;;;;;;;;X
# ProvinceView;;;;;;;;;;;X
###################################################################;;;;;;;;;;;X
PV_OWNER;由$NAME$拥有的省份;;;;;;;;;;X
PV_OCC;省份被$NAME$占领;;;;;;;;;;X
PV_INTEL;情报等级：$VAL$;;;;;;;;;;X
PV_PASSABLE;通常;;;;;;;;;;X
PV_PASSABLE_DESC;这只是一个通常的邻接，\n在通行过程中没有受到阻碍和袭击。;;;;;;;;;;X
PV_RIVER;跨河;;;;;;;;;;X
PV_RIVER_DESC;跨河攻击面临着很大困难，\n但是工兵们克服了这些障碍。;;;;;;;;;;X
PV_STRAIT;海峡;;;;;;;;;;X
PV_STRAIT_DESC;横渡海峡对敌进行攻击意味着如果士兵们遭到敌军的抵抗，\n那么他们将不得不面临着两栖攻击的窘境。;;;;;;;;;;X
PV_OCEAN;海域;;;;;;;;;;X
PV_BUILD_DESC;这个建筑已经受到损坏，当前的等级是Y$CURR$W。\n它的最高等级是Y$MAX$W，\n但是它首先需要花费一定的时间来修复。否则接下来的战斗\n可能会进一步的削弱它的等级。;;;;;;;;;;X
PV_BUILD_W_DESC;这座建筑物能建造到的最高等级是Y$MAX$W。;;;;;;;;;;X
PV_BUILD_ONLY_IN_PORT;这个建筑只能在沿海省份建造。;;;;;;;;;;X
PV_BUILD_NO_YET;在这个地区还不能建造。;;;;;;;;;;X
PV_CURR_CONS_MORE;更多的现在正在修建中。;;;;;;;;;;X
PARTISAN_SUPPORT;游击队支持;;;;;;;;;;X
PV_MANPOWER;人力;;;;;;;;;;X
PV_LEADERSHIP;领导力;;;;;;;;;;X
PV_RR;反叛风险;;;;;;;;;;X
PV_NB_TECH;你还没有掌握建造这个建筑物所需的科技。;;;;;;;;;;X
PV_NB_HOSTILE_TERR;这个省份不受你的支配。;;;;;;;;;;X
PV_NB_MAX_SIZE;这个建筑物已经达到了它的最大规模。;;;;;;;;;;X
PV_HAS_CLAIM;$NAME$对这个省份拥有领土要求。;;;;;;;;;;X
WEATHER_CLEAR_SKY;晴;;;;;;;;;;X
WEATHER_PARTIAL_CLOUD;局部多云;;;;;;;;;;X
WEATHER_CLOUD;多云;;;;;;;;;;X
WEATHER_RAIN;雨;;;;;;;;;;X
WEATHER_STORM;暴风雨;;;;;;;;;;X
WEATHER_SNOW;雪;;;;;;;;;;X
WEATHER_SNOW_STORM;暴风雪;;;;;;;;;;X
WEATHER_FROZEN;冻土;;;;;;;;;;X
WEATHER_MUDDY;泥泞;;;;;;;;;;X
WEATHER_DRY;干燥;;;;;;;;;;X
WEATHER_WIND;这里风的风速是$SPEED$千米。;;;;;;;;;;X
WEATHER_TEMPERATURE;温度;;;;;;;;;;X
###################################################################;;;;;;;;;;;X
# Political Interface;;;;;;;;;;;X
###################################################################;;;;;;;;;;;X
REPLACE_MINISTER_B;替换;;;;;;;;;;X
TERM_FOR_LIFE;政府不会举行选举。;;;;;;;;;;X
TERM_DURATION;选举每隔Y$YEARS$W月举行一次。;;;;;;;;;;X
NEXT_ELECTION;下一次选举;;;;;;;;;;X
DECAY;衰退;;;;;;;;;;X
POL_SW_LABEL;战略效果;;;;;;;;;;X
POL_SW_CON_IRO;护航舰队的效率;;;;;;;;;;X
POL_SW_CON_DRO;当护航舰队被攻击时将会降低\n该值，而当袭击者被派出的护\n航舰队成功地阻止时，该值会\n升高。;;;;;;;;;;X
POL_SW_CON;在过去的7天里，\n我们的舰队已经遭到了Y$EVIL$W次袭击，\n这给国家凝聚力每月造成R$ESC$W的影响。\n我们对袭击者进行了Y$GOOD$W次攻击，\n每月为国家凝聚力带来G+$GSC$W的影响。\n;;;;;;;;;;X
POL_SW_ALL_IRO;来自盟军的影响;;;;;;;;;;X
POL_SW_ALL_DRO;强大的盟军承诺会将军队派到我们的后方帮助我们作战并提\n高我们的国家凝聚力。但是如果他们的承诺没有完全兑现，\n我们的国家凝聚力会下降。;;;;;;;;;;X
POL_SW_ALL;在过去的7天里，\n我们在我们的后方已经进行了Y$EVIL$W次旅级规模的战斗，\n这对我们造成了每月R$ESC$W的影响。\n我们和盟友对敌人进行了Y$GOOD$W次战斗，\n造成每月G+$GSC$W的影响。\n;;;;;;;;;;X
POL_SW_BOM_IRO;来自轰炸的影响;;;;;;;;;;X
POL_SW_BOM_DRO;成功地实施战略轰炸会对国家凝聚力产生很大的影响。\n用你的战斗机成功地拦截敌军的轰炸机能很大的提高国\n家凝聚力。;;;;;;;;;;X
POL_SW_BOM;在过去的7天里，\n我们的国家已经遭到了Y$EVIL$W次战略轰炸，\n对国家凝聚力造成了每月R$ESC$W的影响。\n我们已经成功地拦截了Y$GOOD$W次敌军的轰炸，\n并造成了每月G+$GSC$W的影响。\n;;;;;;;;;;X
DOMESTIC_RELEASE_VASSALL;点击旗帜来解除对傀儡政府的控制。;;;;;;;;;;X
POL_LIB_COUNTRY_YES;如果你控制这这个国家的首都，\n你就可以解放任何处于你的阵营中的流亡政府。\n这会将他们领土的控制权返还给他们，\n并且他们会再次成为一个国家。;;;;;;;;;;X
POL_LIB_C_NO_FACTION;你不是一个阵营中的一员。;;;;;;;;;;X
POL_PUPPET_YES;在你任何一块领土上创立一个新的傀儡政府。;;;;;;;;;;X
POL_PUPPET_NO;现在无法建立任何的傀儡政府。;;;;;;;;;;X
POL_LIB_C_WE_EXILE;我们是流亡中的政府，\n因此我们不能解放其他国家。;;;;;;;;;;X
POL_LIB_C_NO_EXILES;我们的阵营中没有任何政府处于流亡状态。;;;;;;;;;;X
POL_LIB_C_POSSIBLE;在我们的阵营中有几个国家的政府正处于流亡状态，\n而且他们的首都不在我们的控制下。;;;;;;;;;;X
###################################################################;;;;;;;;;;;X
# Intelligence Interface;;;;;;;;;;;X
###################################################################;;;;;;;;;;;X
ALLIES_;同盟国;;;;;;;;;;X
AXIS;轴心国;;;;;;;;;;X
COMINTERN;共产国际;;;;;;;;;;X
###################################################################;;;;;;;;;;;X
# Terrain types;;;;;;;;;;;X
###################################################################;;;;;;;;;;;X
ocean;海洋;;;;;;;;;;X
plains;平原;;;;;;;;;;X
jungle;丛林;;;;;;;;;;X
marsh;沼泽;;;;;;;;;;X
desert;沙漠;;;;;;;;;;X
hills;丘陵;;;;;;;;;;X
mountain;山地;;;;;;;;;;X
forest;森林;;;;;;;;;;X
woods;树林;;;;;;;;;;X
urban;城市;;;;;;;;;;X
arctic;极地;;;;;;;;;;X
###################################################################;;;;;;;;;;;X
# Weather Details;;;;;;;;;;;X
###################################################################;;;;;;;;;;;X
TEMPERATURE;温度;;;;;;;;;;X
PRESSURE;气压;;;;;;;;;;X
WINDSPEED;风速;;;;;;;;;;X
HUMIDITY;湿度;;;;;;;;;;X
OVERCAST;多云;;;;;;;;;;X
PRECIPITATION;降雨;;;;;;;;;;X
MUDDY;泥泞;;;;;;;;;;X
FROZEN;严寒;;;;;;;;;;X
WEATHER_FRONT;这个低气压带正在向Y$DIR$W移动。;;;;;;;;;;X
DIR_WEST;西;;;;;;;;;;X
DIR_NORTHWEST;西北;;;;;;;;;;X
DIR_NORTH;北;;;;;;;;;;X
DIR_NORTHEAST;东北;;;;;;;;;;X
DIR_EAST;东;;;;;;;;;;X
DIR_SOUTHEAST;东南;;;;;;;;;;X
DIR_SOUTH;南;;;;;;;;;;X
DIR_SOUTHWEST;西南;;;;;;;;;;X
###################################################################;;;;;;;;;;;X
# Logistics Tooltips;;;;;;;;;;;X
###################################################################;;;;;;;;;;;X
LOGTT_1;补给来自;;;;;;;;;;X
LOGTT_2;节点距离;;;;;;;;;;X
LOGTT_3;本地补给：;;;;;;;;;;X
LOGTT_4;-本地燃料：;;;;;;;;;;X
LOGTT_5;每日所需补给：;;;;;;;;;;X
LOGTT_6;-燃料：;;;;;;;;;;X
LOGTT_7;收到补给： ;;;;;;;;;;X
LOGTT_8;从;;;;;;;;;;X
LOGTT_9;到;;;;;;;;;;X
LOGTT_10;的护航舰队于这里经过。;;;;;;;;;;X
###################################################################;;;;;;;;;;;X
# Misc;;;;;;;;;;;X
###################################################################;;;;;;;;;;;X
DEPLOY_UNITS;部署单位;;;;;;;;;;X
DEPLOY_SEL_TARGET;选择目标;;;;;;;;;;X
REGION_NAME;$NAME$地区;;;;;;;;;;X
POL_MOBILIZE_IRO;这将会把你的预备役调动到你的正规军中。;;;;;;;;;;X
POL_MOBILIZE_DRO;这样做的好处是我们的预备役的实力将会逐渐增强到正规军\n的水平，同时对生活消费品的需求也在增加。;;;;;;;;;;X
POL_DEMOBILIZE_IRO;这将遣散我们动员来的预备役。;;;;;;;;;;X
POL_DEMOBILIZE_DRO;这将会减少经济开支，但这也会使我们对突如其来的战争\n束手无策。;;;;;;;;;;X
POL_MOBILIZE_WAR_IRO;当战争来临时你会被自动地动员起来。;;;;;;;;;;X
POL_DEMOBILIZE_WAR_IRO;遣散那些正处于战争中的士兵是不可能的。;;;;;;;;;;X
PW_NUKES;核武器;;;;;;;;;;X
NO_NUKE_PRODUCTION;我们还无法生产任何核武器，\n因为我们缺乏这种科技。;;;;;;;;;;X
NUKE_PRODUCTION;我们每月大约能生产Y$AMOUNT$W枚核弹。;;;;;;;;;;X
BV_STRENGTH;兵力;;;;;;;;;;X
BV_EXPERIENCE;经验;;;;;;;;;;X
DISPOSAL_OF_LEADERSHIP;领导力的分布;;;;;;;;;;X
tech_current_research;最新研究;;;;;;;;;;X
BUY;购买;;;;;;;;;;X
SELL;卖出;;;;;;;;;;X
############################################;;;;;;;;;;;X
# Construction Tooltips;;;;;;;;;;;X
###################################################;;;;;;;;;;;X
BUILD_PRIO_IRO;优先;;;;;;;;;;X
BUILD_PRIO_DRO;这种类型有着最高优先级，\n它可以通过在上面标示的符号或者图标看出。;;;;;;;;;;X
BUILD_STR_IRO;兵力;;;;;;;;;;X
BUILD_STR_DRO;该单位由多少士兵组成。;;;;;;;;;;X
BUILD_SA_IRO;非装甲攻击;;;;;;;;;;X
BUILD_SA_DRO;该单位对非装甲单位进行打击的能力。;;;;;;;;;;X
BUILD_HA_IRO;装甲攻击;;;;;;;;;;X
BUILD_HA_DRO;该单位对装甲单位进行打击的能力。;;;;;;;;;;X
BUILD_ORG_IRO;组织度;;;;;;;;;;X
BUILD_ORG_DRO;该单位的组织度。;;;;;;;;;;X
BUILD_CW_IRO;战术宽度;;;;;;;;;;X
BUILD_CW_DRO;该单位在战场中占据的空间大小;;;;;;;;;;X
BUILD_AA_IRO;对空攻击;;;;;;;;;;X
BUILD_AA_DRO;该单位对空中单位的打击能力;;;;;;;;;;X
BUILD_DEF_IRO;地面防御;;;;;;;;;;X
BUILD_DEF_DRO;该单位能够在多大程度上降低其在防御中遭受打击的可能性;;;;;;;;;;X
BUILD_TOU_IRO;坚韧度;;;;;;;;;;X
BUILD_TOU_DRO;该单位能够在多大程度上降低其在进攻中遭受打击的可能性;;;;;;;;;;X
BUILD_SPEED_DD_IRO;机动力;;;;;;;;;;X
BUILD_SPEED_DD_DRO;这是该单位在移动过程中的速度。\n需要注意的是一个师在进军的时候，\n其机动性是由机动性最差的旅的速度决定的。;;;;;;;;;;X
BUILD_SUP_IRO;镇压能力;;;;;;;;;;X
BUILD_SUP_DRO;该单位对游击战的作战能力;;;;;;;;;;X
BUILD_SC_IRO;补给品消耗;;;;;;;;;;X
BUILD_SC_DRO;该单位每天消耗补给品的数量;;;;;;;;;;X
BUILD_FC_IRO;燃料消耗;;;;;;;;;;X
BUILD_FC_DRO;该单位每天消耗燃料的数量;;;;;;;;;;X
BUILD_IC_IRO;IC消耗;;;;;;;;;;X
BUILD_IC_DRO;在全速度下组建该单位每天所需的IC;;;;;;;;;;X
BUILD_MP_IRO;人力消耗;;;;;;;;;;X
BUILD_MP_DRO;在组建该单位的过程中所需要的人力;;;;;;;;;;X
BUILD_TIME_DD_IRO;时间消耗;;;;;;;;;;X
BUILD_TIME_DD_DRO;组建该单位所需要的天数;;;;;;;;;;X
BUILD_SOF_IRO;非装甲度;;;;;;;;;;X
BUILD_SOF_DRO;这个数值会影响该单位受到装甲及非装甲攻击的效果 ;;;;;;;;;;X
BUILD_AD_IRO;对空防御;;;;;;;;;;X
BUILD_AD_DRO;该单位能够在多大程度上降低其被空中单位打击的可能性;;;;;;;;;;X
BUILD_CON_A_IRO;护航袭击;;;;;;;;;;X
BUILD_CON_A_DRO;该单位对护航舰队的攻击能力;;;;;;;;;;X
BUILD_SEA_A_IRO;对海攻击;;;;;;;;;;X
BUILD_SEA_A_DRO;该单位对水面舰船的攻击能力;;;;;;;;;;X
BUILD_SUB_A_IRO;对潜攻击;;;;;;;;;;X
BUILD_SUB_A_DRO;该单位对潜艇的攻击能力;;;;;;;;;;X
BUILD_AIR_A_IRO;对空攻击;;;;;;;;;;X
BUILD_AIR_A_DRO;该单位对空中单位的攻击能力;;;;;;;;;;X
BUILD_SHORE_IRO;海岸炮击;;;;;;;;;;X
BUILD_SHORE_DRO;该单位在邻近海湾地区对陆地作战的支援能力;;;;;;;;;;X
BUILD_SEA_D_IRO;对海防御;;;;;;;;;;X
BUILD_SEA_D_DRO;该单位能够在多大程度上降低其被海上单位打击的可能性;;;;;;;;;;X
BUILD_AIR_D_IRO;对空防御;;;;;;;;;;X
BUILD_AIR_D_DRO;该单位能够在多大程度上降低其被空中单位打击的可能性;;;;;;;;;;X
BUILD_SUR_DET_IRO;对海探测;;;;;;;;;;X
BUILD_SUR_DET_DRO;该单位对海面船只的探测能力;;;;;;;;;;X
BUILD_AIR_DET_IRO;对空探测;;;;;;;;;;X
BUILD_AIR_DET_DRO;该单位对空中单位的探测能力;;;;;;;;;;X
BUILD_SUB_DET_IRO;对潜探测;;;;;;;;;;X
BUILD_SUB_DET_DRO;该单位对潜艇的探测能力;;;;;;;;;;X
BUILD_VISI_IRO;能见度;;;;;;;;;;X
BUILD_VISI_DRO;对该单位进行探测的难易度;;;;;;;;;;X
BUILD_TRANS_IRO;运输能力;;;;;;;;;;X
BUILD_TRANS_DRO;该单位的运输能力;;;;;;;;;;X
BUILD_RANGE_IRO;作战航程;;;;;;;;;;X
BUILD_RANGE_DRO;该单位能够作战的最大航程;;;;;;;;;;X
BUILD_DISTANCE_IRO;火力射程;;;;;;;;;;X
BUILD_DISTANCE_DRO;该单位的射击距离;;;;;;;;;;X
BUILD_SSPEED_IRO;机动性;;;;;;;;;;X
BUILD_SSPEED_DRO;该单位在地图上移动的速度。;;;;;;;;;;X
BUILD_HULL_IRO;船体;;;;;;;;;;X
BUILD_HULL_DRO;该单位对伤害的承受能力;;;;;;;;;;X
BUILD_POS_IRO;兵力布置;;;;;;;;;;X
BUILD_POS_DRO;该单位在战斗中处于最佳配置的可能性;;;;;;;;;;X
BUILD_STRAT_A_IRO;战略攻击;;;;;;;;;;X
BUILD_STRAT_A_DRO;该单位进行战略攻击的效果。;;;;;;;;;;X
############################################;;;;;;;;;;;X
# Unit View;;;;;;;;;;;X
###################################################;;;;;;;;;;;X
UW_LEADER_BUTTON_IRO;分配新的将领.;;;;;;;;;;X
UW_LEADER_BUTTON_DRO;点击这里可以替换当前将领并任命一个新的;;;;;;;;;;X
UW_UNITNAMES_IRO;单位名称;;;;;;;;;;X
UW_UNITNAMES_DRO;你可以用任何你喜欢的名字来给它命名。;;;;;;;;;;X
UW_XP_FORCE_IRO;这是来自$COUNTRY$的远征军。;;;;;;;;;;X
UW_XP_FORCE_DRO;盟友已经把这支远征军借给我们了。\n我们可以在任何时候归还它们。;;;;;;;;;;X
UNIT_THEATHRE_NAME;战区;;;;;;;;;;X
UNIT_ARMYGROUP_NAME;集群;;;;;;;;;;X
UNIT_ARMY_NAME;集团军;;;;;;;;;;X
UNIT_CORP_NAME;军;;;;;;;;;;X
UNIT_DIVISION_NAME;师;;;;;;;;;;X
UNIT_BRIGADE_NAME;旅;;;;;;;;;;X
UNIT_NAVY_NAME;舰队;;;;;;;;;;X
UNIT_AIR_NAME;空军;;;;;;;;;;X
UNIT_THEATHRE_DESC;这是你的海陆空三军的一个最高级指挥部。\n战区指挥官会通过增进各师之间的合作\n来帮助管理你的集团军。;;;;;;;;;;X
UNIT_ARMYGROUP_DESC;这是在指挥体系中的二级指挥部。\n集群指挥官会帮助管理后勤。;;;;;;;;;;X
UNIT_ARMY_DESC;集团军指挥部处在指挥体系的中部。\n集团军指挥官能够强化其属下部队的组织度。;;;;;;;;;;X
UNIT_CORP_DESC;这里的指挥级别高于师。\n军级指挥官能够在一定范围内提高援军进入战斗的可能性。;;;;;;;;;;X
UNIT_DIVISION_DESC;师是主要的地面战斗单位，由几个旅组成。\n师的属性是由组成其自身的旅的属性决定的。\n师级指挥官能够对战斗有额外的加成。;;;;;;;;;;X
UNIT_BRIGADE_DESC;这只是一个旅。\n就其本身来说，它不具有指挥官，\n因此它在战斗中不能获得像师一样的加成效果;;;;;;;;;;X
UNIT_NAVY_DESC;这是一个海军单位。\n它们通常停泊在港口或者在海洋航行;;;;;;;;;;X
UNIT_AIR_DESC;空中单位可以在空中飞行，\n可以与空中单位进行战斗，也可以进行轰炸。;;;;;;;;;;X
UW_ALL_FIT;所有单位都100%合适。;;;;;;;;;;X
UW_FOLLOWING_HURT;下列单位受到了破坏。\n;;;;;;;;;;X
UW_TOTAL_STR_IRO;最大兵力是$VALUE$。\n;;;;;;;;;;X
SELECT_PARENT_UNIT;选择单位。;;;;;;;;;;X
UW_LOC_IRO;当前位置;;;;;;;;;;X
UW_SUPPLIES_FROM;这里是这个单获得补给的地方。;;;;;;;;;;X
UW_BASED_FROM;这里是控制该单位的基地。;;;;;;;;;;X
UW_SPEED;这是该单位在地图上移动的速度。\n它的速度是由它最慢的下属单位速度决定的。;;;;;;;;;;X
UW_NOT_POSSIBLE_TO_ATTACH;没有一个处于更高层级的单位供此单位从属。;;;;;;;;;;X
UW_ATTACH;将这个单位纳入指挥体系中;;;;;;;;;;X
UW_DETACH;将此单位从原有指挥体系中的位置分离;;;;;;;;;;X
UW_TURN_OFF_PRIO;这个单位目前在升级和获得增援上Y有W优先权。\n点击使其关闭。;;;;;;;;;;X
UW_TURN_ON_PRIO;这个单位目前在升级和获得增援上R没有W优先权。\n点击使其打开。;;;;;;;;;;X
UW_TURN_OFF_REINF;如果可能的话，这个单位将会获得增援。\n点击关闭增援。;;;;;;;;;;X
UW_TURN_ON_REINF;即使在可以的情况下，这个单位也R不会W得到增援。\n点击开启增援。;;;;;;;;;;X
UW_TURN_OFF_UPGRADE;在可能的情况下，这个单位会得到升级。\n点击使其关闭。;;;;;;;;;;X
UW_TURN_ON_UPGRADE;即使在可能的情况下，这个单位也R不会W得到升级。\n点击使其开启。;;;;;;;;;;X
UW_CREATE_CORPS;新建一个军，并把这个师编入其中。;;;;;;;;;;X
UW_CREATE_ARMY;新建一个集团军，并把这个军编入其中。;;;;;;;;;;X
UW_CREATE_ARMYGROUP;新建一个集群，并把这个集团军编入其中。;;;;;;;;;;X
UW_CREATE_THEATHRE;新建一个战区，并把这个集群编入其中。;;;;;;;;;;X
UW_CREATE_ABOVE_DRO;新建一个比当前等级高一级的单位将在当前地区\n新建一个指挥部旅。\n这个指挥部初始兵力为0，\n所以需要在战争到来之前进行加强。;;;;;;;;;;X
UW_UNLOAD_NOT_VALID;只有当舰队在靠港时才能登陆。;;;;;;;;;;X
UW_UNLOAD_VALID;从船上卸下这个单位;;;;;;;;;;X
UW_LOAD_NO_FLEET_FOUND;这里没有能装载这个单位的船只。;;;;;;;;;;X
UW_LOAD_IS_VALID;点击将这个单位装进运输船。;;;;;;;;;;X
UW_UNLOAD_PLANE_BASE_ONLY;你只能在空军基地装卸。;;;;;;;;;;X
UW_UNLOAD_PLANE_BASE_OK;从运输机上卸下。;;;;;;;;;;X
UW_LOAD_PLANE_FAIL;这里没有能装载这个单位的运输机。;;;;;;;;;;X
UW_LOAD_PLANE;将这个单位装到运输机上去。;;;;;;;;;;X
UW_CARRYING_NUKE;这个单位目前带有核装置。;;;;;;;;;;X
UW_DUGIN;这个单位正在修筑防御工事，\n而且其已经进行了Y$CURR$W天，\n我国可进行备战时间最多约为Y$CAP$W天。;;;;;;;;;;X
UW_SUPPLY_STATUS;这个单位在最后一天收到了需求量Y$VAL$W%的补给。\n当前补给每日的消耗量是Y$CON$W。;;;;;;;;;;X
UW_SUPPLY_FUEL;这个单位在最后一天收到了需求量Y$VAL$W%的燃料。\n当前燃料每日的消耗量是Y$CON$W。;;;;;;;;;;X
UW_RESERVE_INFO;这个单位是预备役。\n在被动员之前，\n它的最大组织度和最大兵力会减少 R$VAL$%W 。;;;;;;;;;;X
UW_ATTACK_DELAY;这个单位最近刚刚进行过一次攻击，\n因此在未来的Y$HOURS$W小时里无法再次发动进攻。\n我们预计他们能够在Y$DATE$W准备好再次发动进攻。;;;;;;;;;;X
UNIT_COMBAT_WIDTH;战术宽度;;;;;;;;;;X
UW_AASSIGN;自动分配;;;;;;;;;;X
CANT_AUTO_DIVISIONS;单一师无法由电脑控制;;;;;;;;;;X
ONLY_AUTO_ARMIES;不能由电脑控制舰队和空中单位;;;;;;;;;;X
PLAYER_CONTROLLED;玩家控制;;;;;;;;;;X
AUTOMATED_DESC;由电脑控制的军队将会试图占领或者死守由玩家设定的目标;;;;;;;;;;X
OBJECTIVES_DESC;这些是已经由玩家设定过的目标，\n这个单位将会试图完成它们。;;;;;;;;;;X
OBJ_AND_MORE;$NAME$以及更多的……;;;;;;;;;;X
STANCE_PREPARE;备战姿态;;;;;;;;;;X
STANCE_DEFEND;防御姿态;;;;;;;;;;X
STANCE_ATTACK;进攻姿态;;;;;;;;;;X
STANCE_BLITZ;闪击姿态;;;;;;;;;;X
STANCE_PREPARE_DESC;在这个姿态下，我们的编队将不会马上试图进攻，而相反是\n将各单位移动到更适宜进攻的位置上。这个态势最适宜在你\n没有预先进行试探性的攻击而且希望以一种压倒性的力量消\n灭敌人的时候使用。;;;;;;;;;;X
STANCE_DEFEND_DESC;编队只有在进攻优势十分明显的时候才会采取这种姿态。它\n会扎扎实实地守住阵地并抓住机会进行反击。;;;;;;;;;;X
STANCE_ATTACK_DESC;采取这种姿态的编队将会需要依靠绝佳机会对敌人发动进攻\n。它将会试图对敌人进行突击，但是这也会使得编队侧翼的\n防守薄弱。在防守时，它将需要更多的机动防御。;;;;;;;;;;X
STANCE_BLITZ_DESC;采用闪击姿态的编队需要依靠有利的优势来攻击敌人。它将\n会对敌人进行突击并且依靠包围敌人来取得胜利，但是这样\n编队的侧翼也会受到很大的威胁。在防守时，它将需要依靠\n机动防御实现防守。并且它会试图将目前的防守状态转变为\n进攻机会。;;;;;;;;;;X
OUR_POWER;我们拥有的力量;;;;;;;;;;X
THEIR_POWER;估计敌人拥有的力量;;;;;;;;;;X
WE_NEED;我们需要;;;;;;;;;;X
AGENT_NEED_DESC;预计这个单位所需的最少部队;;;;;;;;;;X
AGENT_AVAILABLE_DESC;所需类型中处于附近且可用的单位;;;;;;;;;;X
TAKE_AVAILABLE_DESC;分配给指挥部其所需的可用单位;;;;;;;;;;X
UW_DIS_OUT_OF_RANGE;这个单位处于其所属指挥部的控制范围之外.;;;;;;;;;;X
UW_EFFECTIVE_RADIO_STRENGTH;$HQ$能帮助其所属单位处于最佳状态，\n但它的有效范围是Y$DISTANCE$W千米。;;;;;;;;;;X
UW_DIST_TO;Y$NAME$W$HQ$在$LOCATION$，它距离Y$LOWER$W大约 $DISTANCE$W千米。;;;;;;;;;;X
ARMIES;地面单位;;;;;;;;;;X
NAVIES;海上单位;;;;;;;;;;X
AIRWINGS;空中单位;;;;;;;;;;X
AUTO_DEPLOY;自动部署;;;;;;;;;;X
UW_SELECT_AIR;选择所有配属的舰载机。;;;;;;;;;;X
UW_SELECT_LAND;选择所有配属的地面单位。;;;;;;;;;;X
IN_FRIENDLY_FOR_ATT;你在友方省份中不会产生消耗。\n;;;;;;;;;;X
IN_FRONT_PROV_ONLY_10;在前线的省份中，你的消耗是你在敌方领土消耗的10%。\n;;;;;;;;;;X
IN_HOSTILE_FOR_ATT;你在敌方的省份里会遭遇完全的消耗。\n;;;;;;;;;;X
ATTR_INFRA;劣质的基础设施;;;;;;;;;;X
ATTR_WEATHER;恶劣天气;;;;;;;;;;X
ATTR_TECH;通过科技降低;;;;;;;;;;X
EXIT;退出;;;;;;;;;;X
CANCEL_CONVOY;取消护航舰队;;;;;;;;;;X
SELECT;选择;;;;;;;;;;X
MOBILIZE;动员;;;;;;;;;;X
DEMOBILIZE;遣散;;;;;;;;;;X
BACK;返回;;;;;;;;;;X
