Tag;英语;;;;;;;;;;X
STRAT_RESOURCE_EXPLANATION;主要阵营的成员如果存在于世界的相同部分，可以分享阵营内的战略资源。阵营领袖可以从立场接近的国家那里以相同的方式获取资源。;;;;;;;;;;X
CONFIRM_REMOVEAll_TITLE;所有将领卸任;;;;;;;;;;X
CONFIRM_REMOVEALL_DESC;这将使所有将领从他们所在的部队卸任。请注意这是不可逆的。;;;;;;;;;;X
REMOVE_ALL_LEADER;全部卸任;;;;;;;;;;X
GIESWAPOTHER_SETUP;当他国组建了傀儡政府。;;;;;;;;;;X
GIESWAPOTHER_HEADER;$minister_of_security$报告;;;;;;;;;;X
GIESWAPOTHER_1;政府重建;;;;;;;;;;X
GIESWAPOTHER_2;$VICTIM$现在已经成为$FACTION$的傀儡。;;;;;;;;;;X
GIESWAPOTHER_3;$BOSS$已经在$CAPITAL$组建了一个忠诚的$GOVERNMENT$政府。;;;;;;;;;;X
GIESWAPOTHER_4;*;;;;;;;;;;X
GIESWAPOTHER_5;*;;;;;;;;;;X
GIESWAPOTHER_6;*;;;;;;;;;;X
GIESWAPOTHER_LOG;$BOSS$已经将$VICTIM$变为$FACTION$新的傀儡。;;;;;;;;;;X
GIESWAPOTHER_BTN1;好的;;;;;;;;;;X
GIESWAPOTHER_BTN2;好的;;;;;;;;;;X
GIESWAPOTHER_BTN3;查看;;;;;;;;;;X
GIESWAPOTHER_MAP;傀儡建立！;;;;;;;;;;X
GIESWAP_SETUP;当我国组建了傀儡政府。;;;;;;;;;;X
GIESWAP_HEADER;$minister_of_security$报告;;;;;;;;;;X
GIESWAP_1;政府重建;;;;;;;;;;X
GIESWAP_2;$VICTIM$现在已经成为$FACTION$的傀儡。;;;;;;;;;;X
GIESWAP_3;我们已经在$CAPITAL$组建了一个忠诚的$GOVERNMENT$政府。;;;;;;;;;;X
GIESWAP_4;*;;;;;;;;;;X
GIESWAP_5;*;;;;;;;;;;X
GIESWAP_6;*;;;;;;;;;;X
GIESWAP_LOG;我们已经将$VICTIM$变为$FACTION$新的傀儡。;;;;;;;;;;X
GIESWAP_BTN1;好的;;;;;;;;;;X
GIESWAP_BTN2;好的;;;;;;;;;;X
GIESWAP_BTN3;查看;;;;;;;;;;X
GIESWAP_MAP;傀儡建立！;;;;;;;;;;X
GIESWAPFORUS_SETUP;当我国的流亡政府成为傀儡;;;;;;;;;;X
GIESWAPFORUS_HEADER;$minister_of_security$报告;;;;;;;;;;X
GIESWAPFORUS_1;政府重建;;;;;;;;;;X
GIESWAPFORUS_2;我们已经成为$FACTION$的傀儡。;;;;;;;;;;X
GIESWAPFORUS_3;$BOSS$已经在$CAPITAL$组建了一个忠诚的$GOVERNMENT$政府。;;;;;;;;;;X
GIESWAPFORUS_4;*;;;;;;;;;;X
GIESWAPFORUS_5;*;;;;;;;;;;X
GIESWAPFORUS_6;*;;;;;;;;;;X
GIESWAPFORUS_LOG;$BOSS$已经将我们变为$FACTION$新的傀儡。;;;;;;;;;;X
GIESWAPFORUS_BTN1;好的;;;;;;;;;;X
GIESWAPFORUS_BTN2;好的;;;;;;;;;;X
GIESWAPFORUS_BTN3;查看;;;;;;;;;;X
GIESWAPFORUS_MAP;傀儡建立！;;;;;;;;;;X
support_attack_eff;补给进攻效率;;;;;;;;;;X
strategic_redeployment_eff;战略部署效率;;;;;;;;;;X
move_order_eff;移动效率;;;;;;;;;;X
rebase_eff;海军转场效率;;;;;;;;;;X
reserves_eff;海军后备效率;;;;;;;;;;X
patrol_eff;海军巡逻效率;;;;;;;;;;X
intercept_eff;海军拦截效率;;;;;;;;;;X
sortie_eff;海军突击效率;;;;;;;;;;X
convoy_escort_eff;护航运输效率;;;;;;;;;;X
convoy_raid_eff;护航袭击效率;;;;;;;;;;X
air_convoy_raid_eff;空军护航袭击效率;;;;;;;;;;X
transport_eff;运输效率;;;;;;;;;;X
invasion_eff;侵入效率;;;;;;;;;;X
strategic_bomb_eff;战略轰炸效率;;;;;;;;;;X
logistical_strike_eff;后勤打击效率;;;;;;;;;;X
runway_cratering_eff;机场轰炸效率;;;;;;;;;;X
installation_strike_eff;营房袭击效率;;;;;;;;;;X
ground_attack_eff;地面攻击效率;;;;;;;;;;X
interdiction_eff;封锁效率;;;;;;;;;;X
air_intercept_eff;空军拦截效率;;;;;;;;;;X
carrier_protection_eff;航母护卫效率;;;;;;;;;;X
paradrop_mission_eff;空投效率;;;;;;;;;;X
port_strike_eff;港口袭击效率;;;;;;;;;;X
naval_strike_eff;海军突袭效率;;;;;;;;;;X
rebase_to_carrier_eff;航母转场效率;;;;;;;;;;X
nuke_mission_eff;核武器效率;;;;;;;;;;X
transport_supplies_mission_eff;补给运输效率;;;;;;;;;;X
rebase_air_eff;空军转场效率;;;;;;;;;;X
air_reserve_eff;空军后备效率;;;;;;;;;;X
air_superiority_eff;空优效率;;;;;;;;;;X
join_fleet_eff;舰队配合效率;;;;;;;;;;X
join_air_eff;空军配合效率;;;;;;;;;;X
LEDGER_EXPERIENCE2;经验;;;;;;;;;;X
MAJORDECISIONOTHER_SETUP;当他国执行了一个重大决议。;;;;;;;;;;X
MAJORDECISIONOTHER_HEADER;$foreign_minister$报告;;;;;;;;;;X
MAJORDECISIONOTHER_1;$COUNTRY$;;;;;;;;;;X
MAJORDECISIONOTHER_2;发生了;;;;;;;;;;X
MAJORDECISIONOTHER_3;$EVENT$！;;;;;;;;;;X
MAJORDECISIONOTHER_4;$DESC$;;;;;;;;;;X
MAJORDECISIONOTHER_5;*;;;;;;;;;;X
MAJORDECISIONOTHER_6;*;;;;;;;;;;X
MAJORDECISIONOTHER_LOG;$COUNTRY$的决议：$EVENT$。;;;;;;;;;;X
MAJORDECISIONOTHER_BTN1;好的;;;;;;;;;;X
MAJORDECISIONOTHER_BTN2;好的;;;;;;;;;;X
MAJORDECISIONOTHER_BTN3;*;;;;;;;;;;X
MAJORDECISIONOTHER_MAP;*;;;;;;;;;;X
HAVE_LESS_LEADERSHIP_THAN;拥有领导力少于;;;;;;;;;;X
HAVE_MORE_LEADERSHIP_THAN;拥有至少Y$VAL$W领导力。\n;;;;;;;;;;X
PROV_LEADERSHIP;$DIRECTION$ $VALUE$ 领导力于 $WHERE$。\n;;;;;;;;;;X
MODIFIER_AIR_BUILD_SPEED;空军建设时间;;;;;;;;;;X
MODIFIER_LAND_BUILD_SPEED;陆军建设时间;;;;;;;;;;X
MODIFIER_ROCKET_BUILD_SPEED;火箭建设时间;;;;;;;;;;X
MODIFIER_TANK_BUILD_SPEED;装甲建设时间;;;;;;;;;;X
MODIFIER_NAVAL_BUILD_SPEED;海军建设时间;;;;;;;;;;X
MODIFIER_FUEL_CONVERSION;燃料转化;;;;;;;;;;X
MODIFIER_TRICKLEBACK;伤亡恢复;;;;;;;;;;X
MODIFIER_SOFT_ATTACK;非装甲进攻;;;;;;;;;;X
MODIFIER_HARD_ATTACK;装甲攻击;;;;;;;;;;X
MODIFIER_NUKE_RESEARCH;核能研究速度;;;;;;;;;;X
MODIFIER_AMM_MOVEMENT_SPEED;机动单位移动速度;;;;;;;;;;X
MODIFIER_WINTER_EFFECTS;寒冬效果;;;;;;;;;;X
MODIFIER_JUNGLE_EFFECTS;丛林效果;;;;;;;;;;X
MODIFIER_LEADER_DEFENCE;将领防御;;;;;;;;;;X
MODIFIER_SW_NATIONAL_UNITY_EFFECT;战略作战惩罚;;;;;;;;;;X
RESOURCE_BONUS_ALIGNMENT_TT;如果靠近一个阵营他们将向阵营领袖提供Y$RESOURCES$W。;;;;;;;;;;X
CAN_GIVE_STRAT_BONUS;足够接近以向Y$WHO$W提供Y$RESOURCES$W。;;;;;;;;;;X
CAN_GIVE_STRAT_BONUS_BUT_NONE;足够接近以向Y$WHO$W提供战略资源，但他们没有……;;;;;;;;;;X
EFF_NO_MORE_RES;将不再拥有战略资源。\n;;;;;;;;;;X
EFF_STRAT_RES;将拥有Y$WHICH$W。\n;;;;;;;;;;X
HAS_NO_STRATEGIC_RESOURCE;没有战略资源。\n;;;;;;;;;;X
HAS_STRATEGIC_RESOURCE;拥有战略资源。\n;;;;;;;;;;X
DOES_HAVE_STRATRES;拥有Y$NAME$W。\n;;;;;;;;;;X
DOES_NOT_HAVE_STRATRES;没有Y$NAME$W。\n;;;;;;;;;;X
PW_STRAT_RESOURCES;战略资源;;;;;;;;;;X
STRAT_DET_RES_TT;$NAME$\n$EFFECT$\n$FROM$;;;;;;;;;;X
aluminium;铝;;;;;;;;;;X
rubber;橡胶;;;;;;;;;;X
heavy_water;重水;;;;;;;;;;X
uranium;铀;;;;;;;;;;X
tungsten;钨;;;;;;;;;;X
fur;毛皮;;;;;;;;;;X
black_soil;黑土地;;;;;;;;;;X
cinchona;金鸡纳;;;;;;;;;;X
helium;氦;;;;;;;;;;X
gold;黄金;;;;;;;;;;X
horses;马匹;;;;;;;;;;X
antibiotics;抗生素;;;;;;;;;;X
ballbearings;球形轴承;;;;;;;;;;X
prefab_ship_facilities;预制船舶设备;;;;;;;;;;X
dockyard_facilities;造船设备;;;;;;;;;;X
oil_refinery;石油精炼厂;;;;;;;;;;X
automotive_industry;汽车工业;;;;;;;;;;X
UNITBASEPROVINCE_INFO;此处有Y$AMOUNT$W单位在这里，该基地每天可以有效地修理Y$DAILY$W单位。;;;;;;;;;;X
UW_BASE_AIR_SUPPLY_INFO;$NAME$当前正以Y$VAL$%W的效率修理飞机。它每天可以处理Y$DAILY$W个空军联队，这里停驻了Y$PLANES$W个。;;;;;;;;;;X
UW_BASE_NAVAL_SUPPLY_INFO;$NAME$当前正以Y$VAL$%W的效率修理舰船。它每天可以处理Y$DAILY$W艘舰船，这里停驻了Y$SHIPS$W艘。;;;;;;;;;;X
NO_CURR_EFFECTS_ON_NU;当前国家凝聚力没有受到任何影响。;;;;;;;;;;X
EFFECT_SIZE_MOD_NU;规模的变化受到了以下因素的修正：;;;;;;;;;;X
UW_SUPPLY_STATUS2;每天消耗Y$CON$W补给而前一天获得了Y$VAL$%W补给。Y$FROM$W还储备有Y$DAYS$W天的补给。;;;;;;;;;;X
UW_SUPPLY_FUEL2;每天消耗Y$CON$W燃料而前一天获得了Y$VAL$%W燃料。Y$FROM$W还储备有Y$DAYS$W天的燃料。;;;;;;;;;;X
REMOVE_BRIGADE;移除旅：$NAME$\n;;;;;;;;;;X
BRIGADE_IN_COMBAT;处于战斗中的旅：$NAME$;;;;;;;;;;X
BRIGADE_NOT_IN_COMBAT;未处于战斗中的旅：$NAME$;;;;;;;;;;X
SCENARIO_DESERTFOX;沙漠之狐;;;;;;;;;;X
SCENARIO_DESERTFOX_DESC;西方沙漠战役是一连串的争斗。英国在埃及对意大利的侵略进行了反击并将其逐入利比亚，甚至俘获了大量的意大利战俘。意\n大利不得不依靠埃尔温・隆美尔将军领导下德国部队的介入才避免了全面的崩溃。轴心国部队将针对盟军发动了多次大规模突\n袭，每一次都迫使盟军部队向埃及后退，但盟军也多次发动反击并夺回失地。在第二次同时也是最终的轴心国攻势中，盟军被\n彻底驱入埃及。然而盟军在阿拉曼重获胜利并设法将轴心国彻底驱出了利比亚。\n该剧本的结束时间为1943年1月1日;;;;;;;;;;X
SCENARIO_bulge;突出部战役;;;;;;;;;;X
SCENARIO_bulge_DESC;突出部战役，同时被称为阿登战役，是二战中德国最后一次大规模攻势。目标是推进到海岸，包围并消灭比利时的盟军部队，\n德国希望能借此迫使盟军寻求和平从而将力量集中到东线。发动于1944年12月16日的攻击达成了几乎完全的奇袭，恶劣的天气\n阻止了盟军利用他们巨大的空军优势。然而，尽管初战告捷，猛烈的抵抗延缓了进攻从而使盟军得以进行反击，同时转好的天\n气允许他们借助其空军的完整力量。进攻的失败使德国失去了用于防卫西部边境的部队，盟军也继续向德国境内迅速推进。\n该剧本的结束时间为1945年4月1日;;;;;;;;;;X
SCENARIO_south;南进攻势;;;;;;;;;;X
SCENARIO_south_DESC;盟国及美国希望通过对双方禁运军事物资来迫使日本与中国之间的战争停止。相应的，1941年12月7日，日本天皇向盟国与当\n时中立的美国同时宣战。日本的主要目标是获取南方资源地区如马来半岛及荷属东印度群岛的廉价物资。\n该剧本的结束时间为1942年8月6日;;;;;;;;;;X
SCENARIO_blue;蓝色行动;;;;;;;;;;X
SCENARIO_blue_DESC;蓝色行动是德国于1942年夏季在俄罗斯南部发起进攻的行动代号。开始于6月28日的进攻最初获得了可喜的胜利，但当第六军\n团在斯大林格勒被击溃后就停止了。这样一来整个A集团军都面临在苏军反击中被切断退路并歼灭的巨大危险。\n该剧本的结束时间为1942年12月31日;;;;;;;;;;X
SCENARIO_UNTHINKABLE;不可思议计划;;;;;;;;;;X
SCENARIO_UNTHINKABLE_DESC;英国最初是为了帮助波兰而卷入战争，但二战结束之后，波兰却被苏联军队占领并由共产主义傀儡政府所控制。不可思议计划\n是温斯顿・丘吉尔提出的，他建议西方盟国进攻苏联并保证自由波兰的安全。\n该剧本的结束时间为1948年1月1日;;;;;;;;;;X
OURUNDERGROUNDREMOVED_SETUP;当我们的一个地下抵抗基地被摧毁;;;;;;;;;;X
OURUNDERGROUNDREMOVED_HEADER;$minister_of_intelligence$报告;;;;;;;;;;X
OURUNDERGROUNDREMOVED_1;我们在$COUNTRY$$PROV$;;;;;;;;;;X
OURUNDERGROUNDREMOVED_2;的地下抵抗基地;;;;;;;;;;X
OURUNDERGROUNDREMOVED_3;已被发现并摧毁;;;;;;;;;;X
OURUNDERGROUNDREMOVED_4;*;;;;;;;;;;X
OURUNDERGROUNDREMOVED_5;*;;;;;;;;;;X
OURUNDERGROUNDREMOVED_6;*;;;;;;;;;;X
OURUNDERGROUNDREMOVED_LOG;我们在$PROV$的地下抵抗基地被摧毁;;;;;;;;;;X
OURUNDERGROUNDREMOVED_BTN1;好的;;;;;;;;;;X
OURUNDERGROUNDREMOVED_BTN2;好的;;;;;;;;;;X
OURUNDERGROUNDREMOVED_BTN3;查看;;;;;;;;;;X
OURUNDERGROUNDREMOVED_MAP;地下抵抗基地被摧毁！;;;;;;;;;;X
UNDERGROUNDREMOVED_SETUP;当我们摧毁一个地下抵抗基地;;;;;;;;;;X
UNDERGROUNDREMOVED_HEADER;$minister_of_intelligence$报告;;;;;;;;;;X
UNDERGROUNDREMOVED_1;一个位于下列省份的地下抵抗基地;;;;;;;;;;X
UNDERGROUNDREMOVED_2;$PROV$;;;;;;;;;;X
UNDERGROUNDREMOVED_3;已被发现并摧毁;;;;;;;;;;X
UNDERGROUNDREMOVED_4;*;;;;;;;;;;X
UNDERGROUNDREMOVED_5;*;;;;;;;;;;X
UNDERGROUNDREMOVED_6;*;;;;;;;;;;X
UNDERGROUNDREMOVED_LOG;我们摧毁了位于$PROV$的地下抵抗基地;;;;;;;;;;X
UNDERGROUNDREMOVED_BTN1;好的;;;;;;;;;;X
UNDERGROUNDREMOVED_BTN2;好的;;;;;;;;;;X
UNDERGROUNDREMOVED_BTN3;查看;;;;;;;;;;X
UNDERGROUNDREMOVED_MAP;地下抵抗基地被摧毁！;;;;;;;;;;X
WE_NOT_GOVERNMENT_IN_EXILE;我们不是流亡政府;;;;;;;;;;X
UNDERGROUNDS_NOT_PREPARED;我们总共$TOTAL$个地下抵抗单位中当前没有一个做好了起义准备。;;;;;;;;;;X
UNDERGROUNDS_READY_TO_RISE;我们总共$TOTAL$个地下抵抗单位中当前有$VAL$个做好了起义准备。;;;;;;;;;;X
FULL_RISING;有组织的叛乱！;;;;;;;;;;X
UNDERGROUND_NOT_STRONG_ENOUGH;力量不足。至少需要Y$LIMIT$W而当前只有Y$CURRENT$W;;;;;;;;;;X
UNDERGROUND_STATUS;地下兵力：Y$CURRENT$W/Y$MAX$W;;;;;;;;;;X
MOBILIZE_PARTISANS;动员附近的游击队员;;;;;;;;;;X
MOBILIZE_UNDERGROUND;在附近组织地下抵抗基地;;;;;;;;;;X
DFEVTNAME1;增援到达;;;;;;;;;;X
DFEVTDESC1;一支增援部队到达了塔拉布鲁斯;;;;;;;;;;X
DFEVTOPTA1;好！;;;;;;;;;;X
DFEVTNAME11;非洲军团到达;;;;;;;;;;X
DFEVTDESC11;德国向我们派出了埃尔温・隆美尔将军指挥的“非洲军团”。你知道我们并不是特别需要他们的帮助，但既然他们已经来了那还是需要好好利用。又一个师到达了塔拉布鲁斯。;;;;;;;;;;X
DFEVTNAME22;单位召回;;;;;;;;;;X
DFEVTDESC22;最高指挥部命令这些单位前往其他战区作战。;;;;;;;;;;X
DFEVTOPTA22;但我这儿的事还没做完啊！;;;;;;;;;;X
DFEVTNAME24;火炬行动;;;;;;;;;;X
DFEVTDESC24;部队已经通过海路到达了维希的北非领土;;;;;;;;;;X
DFEVTDESC26;火炬行动是英美侵入维希法国北非领土的作战，其目标是清除北非的轴心部队从而为第二年侵入南欧做好准备。;;;;;;;;;;X
DFEVTNAME27;简短行动;;;;;;;;;;X
DFEVTDESC27;简短行动由韦弗尔将军提出，是对意大利――德国防线的有限攻势，最终目标是尽量解除托布鲁克的围城。;;;;;;;;;;X
DFEVTNAME31;丢失托布鲁克;;;;;;;;;;X
DFEVTDESC31;托布鲁克已经被意大利人夺回。由于这个重要的港口再次被他们控制，他们的补给将得到极大的改善从而有利于进入埃及。;;;;;;;;;;X
DFEVTOPTA31;我们必须夺回它！;;;;;;;;;;X
DFEVTNAME34;增援到达;;;;;;;;;;X
DFEVTDESC34;一支增援部队到达了亚历山大;;;;;;;;;;X
DFEVTOPTA34;好！;;;;;;;;;;X
DFEVTNAME37;托布鲁克被围！;;;;;;;;;;X
DFEVTDESC37;轴心国部队在托布鲁克击败并包围了我们。额外的部队将会到来以拯救我们的人。;;;;;;;;;;X
DFEVTDESC44;更多的部队在北非登陆。;;;;;;;;;;X
DFEVTNAME70;入侵克里特;;;;;;;;;;X
DFEVTDESC70;情报部门指出德国即将发动对克里特岛的入侵。小规模的守备队不大可能坚持得住。最高指挥部命令沙漠战役中能省出的所有部队前往增援克里特。;;;;;;;;;;X
DFEVTOPTA70;我们只能省出一点点部队;;;;;;;;;;X
DFEVTOPTB70;他们想要多少我们就派出多少！;;;;;;;;;;X
DFEVTOPTC70;当前我们无法派出增援;;;;;;;;;;X
DFEVTNAME71;入侵克里特――德国胜利;;;;;;;;;;X
DFEVTDESC71;德国通过一场宏大的空降突袭成功侵入了克里特岛。通过控制这个重要的岛屿，他们可以进一步侵入塞浦路斯乃至埃及。;;;;;;;;;;X
DFEVTNAME72;入侵克里特――盟军胜利;;;;;;;;;;X
DFEVTDESC72;德国并未取得空降突袭克里特岛的成功。他们伤亡惨重的败北意味着克里特岛依然是东地中海一个优秀的海空军基地。;;;;;;;;;;X
DFEVTNAME84;叙利亚;;;;;;;;;;X
DFEVTDESC84;我们的空军侦察到德国和意大利飞机降落到了叙利亚的机场。很明显维希法国允许轴心国部队进入这个地区，从而威胁到我们在伊拉克的防线。这必须被阻止。;;;;;;;;;;X
DFEVTOPTA84;这意味着战争;;;;;;;;;;X
DFEVTOPTB84;我们现在很忙;;;;;;;;;;X
DFEVTNAME86;补给叙利亚;;;;;;;;;;X
DFEVTOPTA86;给他们;;;;;;;;;;X
DFEVTOPTB86;他们得靠自己;;;;;;;;;;X
DFEVTNAME87;后勤;;;;;;;;;;X
DFEVTDESC87;一部分燃料和补给已经到达。;;;;;;;;;;X
FBEVTNAME1;增援到达;;;;;;;;;;X
FBEVTDESC1;同志，红军最高指挥部指派了第1、第4和第5坦克集团军来到你的防线。用它们碾碎纳粹侵略者！;;;;;;;;;;X
FBEVTOPTA1;好！;;;;;;;;;;X
FBEVTDESC2;同志，红军最高指挥部已经让外卡弗加方面军加入你的麾下。不惜一切代价保卫祖国！;;;;;;;;;;X
FBEVTDESC3;同志，由于你的防线崩溃，红军最高指挥部已经指派后备师前来增援。好好使用他们。;;;;;;;;;;X
FBEVTDESC4;同志，红军最高指挥部已经指派后备空军联队前来增援。将法西斯侵略者赶回去！;;;;;;;;;;X
FBEVTDESC5;将军先生，陆军高级司令部已经指派后备部队前来增援。元首期待你尽快占领高加索地区的油田。;;;;;;;;;;X
FBEVTOPTA5;好！;;;;;;;;;;X
OUEVTNAME1;盟军在南方胜利;;;;;;;;;;X
OUEVTDESC1;我们在南欧的部队已经彻底击败了对立的苏联部队。这意味着我们可以向北方战线派出增援部队。;;;;;;;;;;X
OUEVTOPTA1;进展顺利！;;;;;;;;;;X
OUEVTNAME2;苏联在南方胜利;;;;;;;;;;X
OUEVTDESC2;同志！我们在南欧的部队已经彻底击败了资本主义叛徒的部队。这意味着我们光荣的红军可以获得更多的增援来碾碎西方帝国主义者！;;;;;;;;;;X
OUEVTOPTA2;数量和质量都有保证;;;;;;;;;;X
OUEVTNAME4;日本加入共产国际;;;;;;;;;;X
OUEVTDESC4;苏联与日本帝国签署了盟约。虽然他们绝非朋友，但他们不得不联合起来对抗他们共同的敌人：同盟国势力。;;;;;;;;;;X
OUEVTNAME5;日本向盟国投降;;;;;;;;;;X
OUEVTDESC5;由于本土被侵入，同时原子弹也摧毁了他们不少城市，日本帝国不得不向盟国投降。太平洋地区的部队将很快航运到欧洲以对抗红色威胁。;;;;;;;;;;X
OUEVTNAME11;允许使用核武器;;;;;;;;;;X
OUEVTDESC11;在对日本进行成功的核攻击后，杜鲁门总统允许使用这种新式武器来对抗苏联。;;;;;;;;;;X
OUEVTOPTA11;我希望没人发明它们;;;;;;;;;;X
ENDGAMEHEADER_Battle_of_the_Bulge_GER_WIN;胜利！;;;;;;;;;;X
ENDGAMEHEADER_Battle_of_the_Bulge_GER_LOSS;失败！;;;;;;;;;;X
ENDGAMEHEADER_Battle_of_the_Bulge_USA_WIN;胜利！;;;;;;;;;;X
ENDGAMEHEADER_Battle_of_the_Bulge_USA_LOSS;失败！;;;;;;;;;;X
ENDGAMEBODY_Battle_of_the_Bulge_GER_WIN;我们在这里的胜利使盟军相信在欧洲大陆的战斗只会牺牲更多的生命，只有和平谈判才是唯一的解决方案。这样我们的部队可以解放出来以集中精力对付俄国人，我们无疑将很快击溃他们的军队并把他们赶到乌拉尔山东边。;;;;;;;;;;X
ENDGAMEBODY_Battle_of_the_Bulge_GER_LOSS;我们在这里的失败决定了德国的命运。我们的损失无法补充，我们再也没有足够的部队防御西部边境了。没有增援的情况下，我们在东线的部队也无法阻止苏联人的持续进攻。失败是必然的，剩下的问题仅仅是哪一方的敌人首先到达柏林。;;;;;;;;;;X
ENDGAMEBODY_Battle_of_the_Bulge_USA_WIN;随着德国的进攻完全停止，他们已经对反击敞开了大门。他们的增援已经消耗殆尽，他们的空军已经被摧毁，他们的士气已经崩溃。我们的部队已经准备好进入德国，同时在东方苏联人也在以固定的步调进行进攻。;;;;;;;;;;X
ENDGAMEBODY_Battle_of_the_Bulge_USA_LOSS;我们在这里的失败使盟军相信在欧洲大陆的战斗只会牺牲更多的生命，只有和平谈判才是唯一的解决方案。我们只能期望苏联能享受一场更伟大的胜利。;;;;;;;;;;X
ENDGAMEBUTTON_Battle_of_the_Bulge_GER_WIN;进展顺利！;;;;;;;;;;X
ENDGAMEBUTTON_Battle_of_the_Bulge_GER_LOSS;稍微挫折;;;;;;;;;;X
ENDGAMEBUTTON_Battle_of_the_Bulge_USA_WIN;进展顺利！;;;;;;;;;;X
ENDGAMEBUTTON_Battle_of_the_Bulge_USA_LOSS;稍微挫折;;;;;;;;;;X
ENDGAMEHEADER_desert_fox_ENG_WIN;胜利！;;;;;;;;;;X
ENDGAMEHEADER_desert_fox_ENG_LOSS;失败！;;;;;;;;;;X
ENDGAMEHEADER_desert_fox_ITA_WIN;胜利！;;;;;;;;;;X
ENDGAMEHEADER_desert_fox_ITA_LOSS;失败！;;;;;;;;;;X
ENDGAMEBODY_desert_fox_ITA_WIN;随着我们的伟大胜利，意大利的地中海帝国再一次形成。埃及再一次纳入我们的控制，从而让我们可以夺回东非殖民地并且将英国人完全逐出中东。;;;;;;;;;;X
ENDGAMEBODY_desert_fox_ITA_LOSS;盟军最终控制了非洲而意大利已经敞开了防线。士气由于我们无休止的一连串可耻失败而降到了历史最低点。公众对战争的支持已经彻底衰退，关于政变与和平的讨论已经开始公开化。;;;;;;;;;;X
ENDGAMEBODY_desert_fox_ENG_WIN;随着将轴心国踢出非洲，我们的护航船队可以再一次通过地中海，避免不得不绕过非洲的遥远航程。我们的下一步是侵入西西里岛，意大利人在这里战败后士气低落，对本土的侵入也许可以迫使他们退出战争。;;;;;;;;;;X
ENDGAMEBODY_desert_fox_ENG_LOSS;由于失去了苏伊士运河，我们在地中海的命运已经黯淡了。轴心国的一连串胜利导致先前保持中立的国家越来越倾向于轴心国集团，当前我们已经听到了来自西班牙与土耳其的不安的声音。;;;;;;;;;;X
ENDGAMEBUTTON_desert_fox_ITA_WIN;重生的罗马！;;;;;;;;;;X
ENDGAMEBUTTON_desert_fox_ITA_LOSS;至少火车准点;;;;;;;;;;X
ENDGAMEBUTTON_desert_fox_ENG_WIN;攻击轴心国的软肋！;;;;;;;;;;X
ENDGAMEBUTTON_desert_fox_ENG_LOSS;尝试不动声色;;;;;;;;;;X
ENDGAMEBUTTON_Fall_Blau_ENG_LOSS;不动声色;;;;;;;;;;;;x;x
ENDGAMEHEADER_Fall_Blau_GER_WIN;胜利！;;;;;;;;;;;;x;x
ENDGAMEHEADER_Fall_Blau_GER_LOSS;失败！;;;;;;;;;;;;x;x
ENDGAMEHEADER_Fall_Blau_SOV_WIN;胜利！;;;;;;;;;;;;x;x
ENDGAMEHEADER_Fall_Blau_SOV_LOSS;失败！;;;;;;;;;;;;x;x
ENDGAMEBODY_Fall_Blau_GER_WIN;现在巴库油田已经纳入我们的控制，我们的燃料问题已经是过去式，而苏联人才需要面对这个问题了。斯大林格勒的失守同时也对斯大林的威信造成了极大的打击。由于这些优势，苏联的失败不再遥远了。;;;;;;;;;;;;x;x
ENDGAMEBODY_Fall_Blau_GER_LOSS;我们攻势的失败给了苏联更多的时间来恢复最初的损失，他们或许会很快发动一次反击。现在这场战争看起来会变得很持久了。;;;;;;;;;;;;x;x
ENDGAMEBODY_Fall_Blau_SOV_WIN;最近一次德国的进攻已经被挫败，而我们的部队已经准备好尽快发动反击。这些法西斯侵略者将很快为侵略祖国而后悔万分！;;;;;;;;;;;;x;x
ENDGAMEBODY_Fall_Blau_SOV_LOSS;我们没能成功阻止最近一次的德国进攻，这将对来春莫斯科的防御造成可怕的影响。;;;;;;;;;;;;x;x
ENDGAMEBUTTON_Fall_Blau_GER_WIN;莫斯科是下一个！;;;;;;;;;;;;x;x
ENDGAMEBUTTON_Fall_Blau_GER_LOSS;我确定明年会更好;;;;;;;;;;;;x;x
ENDGAMEBUTTON_Fall_Blau_SOV_WIN;畅饮伏特加吧！;;;;;;;;;;;;x;x
ENDGAMEBUTTON_Fall_Blau_SOV_LOSS;畅饮伏特加吧;;;;;;;;;;;;x;x
ENDGAMEHEADER_Southern_Conquests_JAP_WIN;胜利！;;;;;;;;;;;;x
ENDGAMEHEADER_Southern_Conquests_JAP_LOSS;失败！;;;;;;;;;;;;x
ENDGAMEHEADER_Southern_Conquests_USA_WIN;胜利！;;;;;;;;;;;;x
ENDGAMEHEADER_Southern_Conquests_USA_LOSS;失败！;;;;;;;;;;;;x
ENDGAMEHEADER_Southern_Conquests_ENG_WIN;胜利！;;;;;;;;;;;;x
ENDGAMEHEADER_Southern_Conquests_ENG_LOSS;失败！;;;;;;;;;;;;x
ENDGAMEBODY_Southern_Conquests_JAP_WIN;我们获得了保持我们战争机器持续运行所需的宝贵资源。随着这些地方纳入控制，我们的舰队很快就可以将美国舰队的残余力量送入海洋深处，这样一来他们除了接受我们的和平条件外将别无选择。;;;;;;;;;;;;x
ENDGAMEBODY_Southern_Conquests_JAP_LOSS;由于没有获得对本地区珍贵资源的控制，你宣布了日本帝国的灭亡。很快我们的舰队无法再出航而我们的战机也无法再防卫我们的领空。天皇对你非常失望。;;;;;;;;;;;;x
ENDGAMEBODY_Southern_Conquests_USA_WIN;日本人对珍珠港的袭击是充满耻辱与愚蠢的一天。尽管他们最初的进攻获得了惊人的胜利，但他们在太平洋的入侵行动还是遭到了决定性的失败。一旦他们的原油储备耗尽，他们将彻底失去自卫能力，从而不得不投降。;;;;;;;;;;;;x
ENDGAMEBODY_Southern_Conquests_USA_LOSS;日本人发动了一系列反应速度极快的入侵，现在已经控制了他们所谓的“南方资源区”。但是战争不会结束。在美国，不断增长的战争经济正在大量生产武器和补给，飞机和坦克，以及――更加重要的――一支新的舰队。让日本人在还可能的时候享用他们的资源区吧，我们会回来的。;;;;;;;;;;;;x
ENDGAMEBODY_Southern_Conquests_ENG_WIN;日本人对珍珠港的袭击是充满耻辱与愚蠢的一天。尽管他们最初的进攻获得了惊人的胜利，但他们在太平洋的入侵行动还是遭到了决定性的失败。一旦他们的原油储备耗尽，他们将彻底失去自卫能力，从而不得不投降。;;;;;;;;;;;;x
ENDGAMEBODY_Southern_Conquests_ENG_LOSS;日本人发动了一系列反应速度极快的入侵，现在已经控制了他们所谓的“南方资源区”。但是战争不会结束。在美国，不断增长的战争经济正在大量生产武器和补给，飞机和坦克，以及――更加重要的――一支新的舰队。然而，当前我们不得不减少我们的损失，从而把北非放弃给轴心国。我们的部队将转运到东方以从日本人的攻势前防卫澳大利亚和新西兰。失去地中海是令人痛苦的，但对英联邦国家的入侵更加不能容忍。;;;;;;;;;;;;x
ENDGAMEBUTTON_Southern_Conquests_JAP_WIN;进展顺利！;;;;;;;;;;;;x
ENDGAMEBUTTON_Southern_Conquests_JAP_LOSS;只有一种方式可以洗刷耻辱……;;;;;;;;;;;;x
ENDGAMEBUTTON_Southern_Conquests_USA_WIN;真是反常表现;;;;;;;;;;;;x
ENDGAMEBUTTON_Southern_Conquests_USA_LOSS;我们还没开始战斗！;;;;;;;;;;;;x
ENDGAMEBUTTON_Southern_Conquests_ENG_WIN;这还不坏;;;;;;;;;;;;x
ENDGAMEBUTTON_Southern_Conquests_ENG_LOSS;轮到日本的回合了;;;;;;;;;;;;x
ENDGAMEHEADER_Unthinkable_SOV_WIN;胜利！;;;;;;;;;;;;x
ENDGAMEHEADER_Unthinkable_SOV_LOSS;失败！;;;;;;;;;;;;x
ENDGAMEHEADER_Unthinkable_USA_WIN;胜利！;;;;;;;;;;;;x
ENDGAMEHEADER_Unthinkable_USA_LOSS;失败！;;;;;;;;;;;;x
ENDGAMEHEADER_Unthinkable_ENG_WIN;胜利！;;;;;;;;;;;;x
ENDGAMEHEADER_Unthinkable_ENG_LOSS;失败！;;;;;;;;;;;;x
ENDGAMEBODY_Unthinkable_SOV_WIN;资本主义侵略者已经被击败，就像早于他们的法西斯分子一样。很多事情都清楚了：送来的补给质量低劣，第二战场的开辟也不断推迟……我们所谓的“盟国”显然希望我们在与德国人的战斗中流干鲜血，这样当他们背叛我们时我们就无法抵抗了。但是光荣的红军把他们都击败了！;;;;;;;;;;;;x
ENDGAMEBODY_Unthinkable_SOV_LOSS;资本主义走狗以背信弃义的进攻击败了我们。当然，他们也无法继续入侵祖国，我们被迫回到了战前的波兰东部边境。然而，当前已经开始了一个五年重建计划，以及解开美国人超级炸弹秘密的工作计划。一旦我们的计划完成，西方将为其背叛行为懊悔万分。但你看不到这些了，同志，斯大林对你的成绩不太满意，所以你大概会需要一次小小的旅行……;;;;;;;;;;X
ENDGAMEBODY_Unthinkable_USA_WIN;共产主义者已经被击败，民主制度已经在东欧重建。;;;;;;;;;;X
ENDGAMEBODY_Unthinkable_USA_LOSS;共产主义者击败了我们，英国已经是民主制度在欧洲最后一个堡垒了。;;;;;;;;;;X
ENDGAMEBODY_Unthinkable_ENG_WIN;欧洲的铁幕已经被掀开，波兰再次获得了自由！;;;;;;;;;;X
ENDGAMEBODY_Unthinkable_ENG_LOSS;波兰依旧处于共产主义者的控制中，而且当前欧洲的绝大部分都处于相同的状态：被苏联敌人占领。;;;;;;;;;;X
ENDGAMEBUTTON_Unthinkable_SOV_WIN;为了祖国、荣誉和自由！;;;;;;;;;;X
ENDGAMEBUTTON_Unthinkable_SOV_LOSS;西伯利亚再见！;;;;;;;;;;X
ENDGAMEBUTTON_Unthinkable_USA_WIN;现在我们得借钱给每个人了……;;;;;;;;;;X
ENDGAMEBUTTON_Unthinkable_USA_LOSS;回美国了;;;;;;;;;;X
ENDGAMEBUTTON_Unthinkable_ENG_WIN;现在我肯定能连任了！;;;;;;;;;;X
ENDGAMEBUTTON_Unthinkable_ENG_LOSS;也许我们应该多想想的;;;;;;;;;;X
B_UNDERGROUND;抵抗;;;;;;;;;;X
underground_short;地下抵抗基地;;;;;;;;;;X
MODIFIER_LOCAL_UNDERGROUND;本地地下抵抗;;;;;;;;;;X
SUPRESSION;镇压;;;;;;;;;;X
CAN_NOT_ADD_WARGOAL_UNTIL;无法添加新的战争目标直到Y$DATE$W;;;;;;;;;;X
WARDIALOG_SELECT_STATE;选择一个Y地区主权宣称W。;;;;;;;;;;X
SPREAD_UNDERGROUND;展开地下抵抗网络;;;;;;;;;;X
SPAWN_PARTISAN;催化游击单位;;;;;;;;;;X
UNDERGROUND_ACTION_PARTISAN;尽快催化游击单位;;;;;;;;;;X
UNDERGROUND_ACTION_SPREAD;尽快传播地下抵抗网络;;;;;;;;;;X
UNDERGROUND_ACTION_NONE;停止活动并集结力量;;;;;;;;;;X
FE_SCENARIOS;剧本;;;;;;;;;;X
INTEL_ARMIES;陆军;;;;;;;;;;X
INTEL_AIR;空军;;;;;;;;;;X
INTEL_NAVIES;海军;;;;;;;;;;X
INTEL_MINISTERS;部长;;;;;;;;;;X
DISABLED_IN_SCENARIO;该剧本内禁止;;;;;;;;;;X
aquire_territory;获得领土;;;;;;;;;;X
aquire_territory_setup;从$RECIPIENT$获得$STATE$Y。;;;;;;;;;;X
conquer;征服;;;;;;;;;;X
conquer_setup;征服$RECIPIENT$;;;;;;;;;;X
puppet;傀儡;;;;;;;;;;X
puppet_setup;在$RECIPIENT$组建一个忠实的政府;;;;;;;;;;X
liberate_as_democracy;解放;;;;;;;;;;X
liberate_as_democracy_setup;解放$RECIPIENT$人民;;;;;;;;;;X
install_democracy;建立民主主义;;;;;;;;;;X
install_democracy_setup;在$RECIPIENT$建立民主制度！;;;;;;;;;;X
liberate_as_communist;解放;;;;;;;;;;X
liberate_as_communist_setup;解放$RECIPIENT$人民;;;;;;;;;;X
install_communism;建立共产主义;;;;;;;;;;X
install_communism_setup;向$RECIPIENT$传播人民革命;;;;;;;;;;X
civil_war_setup;碾碎$RECIPIENT$的分离主义者！;;;;;;;;;;X
vichy_war_goal;法国战败;;;;;;;;;;X
vichy_war_goal_setup;法国北部海岸将成为进攻英国的优良基地，同时一个听话的法国政府可以接管南部。;;;;;;;;;;X
barbarossa_war_goal;向东扩张;;;;;;;;;;X
barbarossa_war_goal_setup;击溃$RECIPIENT$，吞并乌拉尔以西的一切。我们只需要在门前踢一脚，整座腐朽的建筑就会崩溃。;;;;;;;;;;X
japan_USA_goal;控制太平洋;;;;;;;;;;X
japan_USA_goal_setup;为了保证大东亚共荣圈的安全，我们必须控制太平洋上的所有$RECIPIENT$基地。;;;;;;;;;;X
restore_france;重建法国;;;;;;;;;;X
restore_france_setup;终结维希傀儡政府并重建法兰西的光荣。;;;;;;;;;;X
MISSION_NONE;无;;;;;;;;;;X
our_finest_hour_title;我们最辉煌的时刻;;;;;;;;;;X
our_finest_hour_desc;随着法国的战败，大部分民众揣测英国无法支撑超过六周。他们低估了英国人民和政府的精神。他们将用实际行动证明大英帝国及英联邦将延续上千年，人们将会说这是他们最辉煌的时刻。;;;;;;;;;;X
the_united_nations_title;联合国;;;;;;;;;;X
the_united_nations_desc;我们已经协商了一项联合跳跃，有超过三十个国家决定携起手来并肩战斗，唯一的目标就是消灭希特勒的保证、日本的疯狂与墨索里尼的愚蠢。;;;;;;;;;;X
the_end_of_the_begining_title;开始的结束;;;;;;;;;;X
end_of_the_begining;开始的结束;;;;;;;;;;X
the_end_of_the_begining_desc;我们已经进行了太多的战斗而战争依然尚未胜利，我们或许可以将这称之为开始的结束。;;;;;;;;;;X
blitzkrieg_decision_title;闪击战;;;;;;;;;;X
blitzkrieg_decision_desc;当别人准备像上一次战争一样作战时，德国将向世界展现战争新的一面。;;;;;;;;;;X
destiny_title;命运;;;;;;;;;;X
destiny_desc;周边的遏制与封锁迫使德国于1914年选择了战争，而对东方的征服有效地解决了这些问题。允许德国实现其命运吧。;;;;;;;;;;X
defence_title;防御;;;;;;;;;;X
defence_desc;前线的新闻非常冷酷，但尚未失去一切。新的高级武器可以扭转局势，而我们所需的仅仅是让它们服役的时间。;;;;;;;;;;X
for_the_mother_land_title;为了祖国;;;;;;;;;;X
for_the_mother_land_desc;真理报称卑鄙的法西斯分子已经对祖国展开了进攻，这儿还有更加可信的消息来源吗？同志们必须武装起来，向侵略者展示俄罗斯压路机的力量。;;;;;;;;;;X
great_patriotic_war_title;伟大的卫国战争;;;;;;;;;;X
great_patriotic_war_desc;法西斯侵略者已经侵入了苏联，但红军和红海军怀着自我牺牲的精神在苏维埃的每一寸土地上顽强抵抗。苏联人民必须而放弃所有幻想并且动员起来并重新专注于战时生产的工作。绝不饶恕敌人。;;;;;;;;;;X
dissolution_of_the_third_international_title;解散第三国际;;;;;;;;;;X
dissolution_of_the_third_international_desc;我们已经决定，列宁那些愚昧的支持者处于较低的位置会更加有用。所以他们现在遵从莫斯科的指示自称自己并未遵从于莫斯科的指示。;;;;;;;;;;X
stab_in_the_back_title;背后袭击;;;;;;;;;;X
stab_in_the_back_desc;意大利领导人向美国保证过他们渴望和平，但是意大利政府现在已经选择了保持所谓“作战的自由”，手持匕首从背后捅了邻居一刀。一些到现在还抱有明显错觉的美国人依然放心地容许美国成为这个武力横行的世界上唯一的孤岛。;;;;;;;;;;X
unlimted_national_emergency_title;全国进入无限期紧急状态;;;;;;;;;;X
unlimted_national_emergency_desc;今晚我发布声明，全国进入无限期紧急状态，同时命令以我们国家力量的极限来加强国防。;;;;;;;;;;X
day_of_infamy_title;国耻日;;;;;;;;;;X
day_of_infamy_desc;今天是耻辱的一天，美利坚合众国遭到了突然而又早有预谋的进攻。;;;;;;;;;;X
popular_front_title;人民阵线;;;;;;;;;;X
popular_front_desc;我们不会忘记1934年2月6日的夜晚。我们终于拥有了一个联合左翼的政府，我们新的劳工法案将治愈受损的左翼并给法国经济带来更好的秩序。;;;;;;;;;;X
shame_of_defeat_title;战败的耻辱;;;;;;;;;;X
shame_of_defeat_desc;法国已经战败，这耻辱深深烙入我们的灵魂。现在正是集合所有真正的法兰西人加入我们事业的时刻。法国是可以并将一定重建的。法国抵抗运动的大火将永不熄灭。;;;;;;;;;;X
liberation_title;解放;;;;;;;;;;X
liberation_desc;感谢自由法国运动那些不断努力的人们，他们维系了法国依然存在的梦想，我们已经做好准备对战败的耻辱进行复仇。法兰西将再次崛起。;;;;;;;;;;X
its_our_time_title;这是我们的时代;;;;;;;;;;X
its_our_time_desc;现在正是意大利实现自己野心的时刻。我们仅仅需要一点点伤亡就能在和平会议上获得一个战士的席位。;;;;;;;;;;X
eight_million_bayonets_title;八百万刺刀;;;;;;;;;;X
eight_million_bayonets_desc;长久以来全世界都嘲笑着所谓意大利拥有八百万刺刀保护国家的说法。意大利将告诉全世界这并不仅仅是夸张的宣传。;;;;;;;;;;X
trains_run_on_time_title;列车准点;;;;;;;;;;X
trains_run_on_time_desc;虽然看起来很暗淡，但请记住至少我们的列车准点运行;;;;;;;;;;X
tora_tora_title;虎虎虎;;;;;;;;;;X
tora_tora_desc;日本帝国的军人已经准备好为天皇而战。他们已经计划在白宫提出和平条件。;;;;;;;;;;X
kamikaze_title;神风特攻;;;;;;;;;;X
kamikaze_desc;随着敌人接近日出之国的领地，我们必须用一切可能的手段来保卫至高无上的天皇陛下。;;;;;;;;;;X
the_finest_hour;最辉煌的时刻;;;;;;;;;;X
the_finest_hour_desc;我们的法国盟友已经崩溃了，但我们最终必将胜利。;;;;;;;;;;X
revenge;复仇;;;;;;;;;;X
revenge_desc;德国军队已经准备好对凡尔赛和约带来的羞辱进行复仇。他们士气高昂、豪情万丈。;;;;;;;;;;X
german_destiny;德国的命运;;;;;;;;;;X
german_destiny_desc;德国军队知道现在正是为了德国的命运而奋斗的时刻。部队已经做好了准备以完成他们的职责。;;;;;;;;;;X
german_defence;德国防御;;;;;;;;;;X
german_defence_desc;战争暂时无法胜利，但是军队确认获取的新武器将带来信心并绝不退后。;;;;;;;;;;X
rodina;祖国;;;;;;;;;;X
rodina_desc;起来吧俄罗斯人民，祖国正处于危险中。;;;;;;;;;;X
patrotic_war;伟大的卫国战争;;;;;;;;;;X
patrotic_war_desc;每一个苏维埃公民都应尽职尽责以确保将法西斯侵略者击退;;;;;;;;;;X
love_of_freedom;自由之爱;;;;;;;;;;X
love_of_freedom_desc;我呼吁努力、勇气、牺牲、奉献。由于对自由的热爱，所有这些都会变得可能。;;;;;;;;;;X
the_nation_expects;国家期望;;;;;;;;;;X
the_nation_expects_desc;国家期望每一个人都毫无保留、毫无自私、毫无怀疑地坚信我们的民主将取得最后的胜利。;;;;;;;;;;X
infamous_day;国耻日;;;;;;;;;;X
infamous_day_desc;美利坚的每个男人、女人和孩子都已经做好准备尽到自己的责任。;;;;;;;;;;X
shamed;耻辱;;;;;;;;;;X
shamed_desc;菲利普・德・奥特克鲁克逃离法国后，通过西班牙和葡萄牙到达了里斯本的英国大使馆，为了从法兰西的真正敌人――维希政府――的威胁中保护家人，他改名勒克莱尔。他是决意帮助自由法国的众多英雄人物之一。;;;;;;;;;;X
liberation_soon;解放;;;;;;;;;;X
liberation_soon_desc;法兰西的孩子们正在挥舞着旗帜，我们必须确保他们已经获得了足够的装备以完成他们的职责。;;;;;;;;;;X
our_time;我们的时代;;;;;;;;;;X
our_time_desc;人们已经做好准备为即将到来的迅速胜利做出一定的牺牲。;;;;;;;;;;X
millions_of_bayonets;八百万刺刀;;;;;;;;;;X
millions_of_bayonets_desc;现在就是每个意大利男人尽其本分以让母亲骄傲的时刻了。;;;;;;;;;;X
the_trains;列车准点;;;;;;;;;;X
the_trains_desc;我们高效的铁路系统可以迅速地将补给输送给我们前方的部队。;;;;;;;;;;X
tora;虎虎虎;;;;;;;;;;X
tora_desc;通过这样的战术行动我们将削弱美国海军并为帝国获得一条永久的防御线。;;;;;;;;;;X
divine_wind;神风;;;;;;;;;;X
divine_wind_desc;我们会像对付当年的蒙古人一样将敌人消灭于海上。;;;;;;;;;;X
THEATRE_INVASION;对$TARGET$的进攻有一部分将从$STAGE$发起。;;;;;;;;;;X
NO_INVASION_PLAN;不在侵入计划中。;;;;;;;;;;X
WARGOALTITLE;增加战争目标;;;;;;;;;;X
WARGOALDESC;增加另外的战争目标以对抗$COUNTRY$;;;;;;;;;;X
underground;地下抵抗;;;;;;;;;;X
DFAllied_win;1942年10月1日前控制塔拉布卢斯;;;;;;;;;;X
DFAllied_win2;坚守塔拉布卢斯;;;;;;;;;;X
DFAllied_win3;1942年10月1日后控制塔拉布卢斯;;;;;;;;;;X
DFAllied_win4;1942年10月1日后控制突尼斯;;;;;;;;;;X
DFAxis_win;控制亚历山大;;;;;;;;;;X
DFCross_the_suez;穿过苏伊士运河占领罗马尼;;;;;;;;;;X
BBCapture_Den_Hagg;占领海牙;;;;;;;;;;X
BBCapture_Calais;占领加莱;;;;;;;;;;X
BBControl_Den_Hagg2;保持对海牙的控制直到1945年2月1日;;;;;;;;;;X
BBControl_Calais2;保持对加莱的控制直到1945年2月1日;;;;;;;;;;X
FBtake_baki;占领巴库;;;;;;;;;;X
FBtake_rostov;占领罗斯托夫;;;;;;;;;;X
FBtake_sevastopol;占领塞瓦斯托波尔;;;;;;;;;;X
FBprotect_stalingrad;拥有斯大林格勒直到1942年12月1日;;;;;;;;;;X
FBprotect_rostov;拥有罗斯托夫直到1942年12月1日;;;;;;;;;;X
FBprotect_sevastopol;拥有塞瓦斯托波尔直到1942年12月1日;;;;;;;;;;X
SCControl_Singapore;占领新加坡;;;;;;;;;;X
SCControl_Semarang;占领三宝垄;;;;;;;;;;X
SCControl_Manilla;占领马尼拉;;;;;;;;;;X
SCControl_HongKong;占领香港;;;;;;;;;;X
SCControl_Semarang2;占领三宝垄;;;;;;;;;;X
SCControl_Guam;重新控制关岛;;;;;;;;;;X
SCControl_Manilla2;拥有马尼拉;;;;;;;;;;X
SCControl_Saigon;占领西贡;;;;;;;;;;X
OUCapture_Paris;夺取巴黎;;;;;;;;;;X
OUCapture_Warsaw;夺取华沙;;;;;;;;;;X
THEATRE_FORCES;战区部队;;;;;;;;;;X
IMMEDIATE_NEEDS;当前需求;;;;;;;;;;X
THEATRE_CURRENT_OBJECTIVES;当前目标;;;;;;;;;;X
THEATRE_CURRENT_OPERATION;当前计划;;;;;;;;;;X
Soviet_claims_FIN;苏联对芬兰宣称主权;;;;;;;;;;X
UNDERGROUND_NOT_AT_WAR;我们必须处于战争并有地区被占领才能训练地下抵抗单位;;;;;;;;;;X
OUR_GOALS;战争目标:;;;;;;;;;;X
GOALS_VS_US;是下列国家的目标：;;;;;;;;;;X
ELECTION_EFFECT;Y$WHO$W举行选举;;;;;;;;;;X
LEDGER_STRAT_RES_CONTROL_TOOLTIP_1;资源控制于;;;;;;;;;;X
LEDGER_STRAT_RES_CONTROL_TOOLTIP_2;位于下列省份：;;;;;;;;;;X
undeclared_war_one_title;不宣之战;;;;;;;;;;X
undeclared_war_one_desc;尽管在名义上处于中立，但美国在1941年依然稳步地迈向针对纳粹德国的战争。在三月签署租借法案之后，罗斯福总统宣布临近美国的大西洋海域为“泛美安全区”。在此区域，美国海军舰船将为欧洲运输船护航。1941年4月10日，美国做出了二战期间第一次敌意行为，美国海军尼布拉克号驱逐舰攻击了击沉荷兰货轮的德国U艇。;;;;;;;;;;X
undeclared_war_two_title;扩张不宣而战;;;;;;;;;;X
undeclared_war_two_desc;向中大西洋扩张泛美安全区。;;;;;;;;;;X
undeclared_war_three_title;进一步扩张不宣而战;;;;;;;;;;X
undeclared_war_three_desc;向东大西洋扩张泛美安全区。;;;;;;;;;;X
DIPLO_INFO;信息;;;;;;;;;;X
DIPLO_RELATIONS;关系;;;;;;;;;;X
DIPLO_WARGOALS;战争目标;;;;;;;;;;X
scenarios\Fall_blau\Extra_OOBs\FBGER1.txt;来自Y陆军总司令部后备力量W的部队已经到达了Y基辅W;;;;;;;;;;;;x;x
scenarios\Fall_blau\Extra_OOBs\FBSOV1.txt;Y第5坦克集团军W到达了Y萨瓦托夫W，Y第4坦克集团军W到达了Y斯大林格勒W，Y第1坦克集团军W到达了Y大塔沃洛扎卡W;;;;;;;;;;;;x;x
scenarios\Fall_blau\Extra_OOBs\FBSOV2.txt;Y外卡弗加方面军W到达了Y第比利斯W;;;;;;;;;;;;x;x
scenarios\Fall_blau\Extra_OOBs\FBSOV3.txt;红军最高指挥部已经要求所有可用的师赶往Y萨瓦托夫W;;;;;;;;;;;;x;x
scenarios\Fall_blau\Extra_OOBs\FBSOV4.txt;Y第1及第2空军后备部队W已经降落在Y萨瓦托夫W;;;;;;;;;;;;x;x
scenarios\desert_fox\Extra_OOBs\eng1.txt;增援部队已经到达Y埃尔伊斯坎达里亚W;;;;;;;;;;X
scenarios\desert_fox\Extra_OOBs\eng2.txt;增援部队已经到达Y埃尔伊斯坎达里亚W;;;;;;;;;;X
scenarios\desert_fox\Extra_OOBs\eng3.txt;增援部队已经到达Y埃尔伊斯坎达里亚W;;;;;;;;;;X
scenarios\desert_fox\Extra_OOBs\eng4.txt;增援部队已经到达Y埃尔伊斯坎达里亚W;;;;;;;;;;X
scenarios\desert_fox\Extra_OOBs\eng5.txt;增援部队已经到达Y埃尔伊斯坎达里亚W;;;;;;;;;;X
scenarios\desert_fox\Extra_OOBs\eng6.txt;增援部队已经到达Y埃尔伊斯坎达里亚W;;;;;;;;;;X
scenarios\desert_fox\Extra_OOBs\eng7.txt;增援部队已经到达Y埃尔伊斯坎达里亚W;;;;;;;;;;X
scenarios\desert_fox\Extra_OOBs\eng8.txt;增援部队已经到达Y埃尔伊斯坎达里亚W;;;;;;;;;;X
scenarios\desert_fox\Extra_OOBs\eng9.txt;增援部队已经到达Y埃尔伊斯坎达里亚W;;;;;;;;;;X
scenarios\desert_fox\Extra_OOBs\eng10.txt;增援部队已经到达Y埃尔伊斯坎达里亚W;;;;;;;;;;X
scenarios\desert_fox\Extra_OOBs\eng11.txt;增援部队已经到达Y埃尔伊斯坎达里亚W;;;;;;;;;;X
scenarios\desert_fox\Extra_OOBs\eng12.txt;增援部队已经到达Y埃尔伊斯坎达里亚W;;;;;;;;;;X
scenarios\desert_fox\Extra_OOBs\eng13.txt;增援部队已经到达Y埃尔伊斯坎达里亚W;;;;;;;;;;X
scenarios\desert_fox\Extra_OOBs\eng14.txt;增援部队已经到达Y埃尔伊斯坎达里亚W;;;;;;;;;;X
scenarios\desert_fox\Extra_OOBs\eng15.txt;增援部队已经到达Y埃尔伊斯坎达里亚W;;;;;;;;;;X
scenarios\desert_fox\Extra_OOBs\eng16.txt;增援部队已经到达Y埃尔伊斯坎达里亚W;;;;;;;;;;X
scenarios\desert_fox\Extra_OOBs\eng17.txt;增援部队已经到达Y卡萨布兰卡W;;;;;;;;;;X
scenarios\desert_fox\Extra_OOBs\eng18.txt;增援部队已经到达Y卡萨布兰卡W;;;;;;;;;;X
scenarios\desert_fox\Extra_OOBs\ger1.txt;增援部队已经到达Y塔拉布鲁斯W;;;;;;;;;;X
scenarios\desert_fox\Extra_OOBs\ger2.txt;增援部队已经到达Y塔拉布鲁斯W;;;;;;;;;;X
scenarios\desert_fox\Extra_OOBs\ger3.txt;增援部队已经到达Y塔拉布鲁斯W;;;;;;;;;;X
scenarios\desert_fox\Extra_OOBs\ger4.txt;增援部队已经到达Y塔拉布鲁斯W;;;;;;;;;;X
scenarios\desert_fox\Extra_OOBs\ger5.txt;增援部队已经到达Y塔拉布鲁斯W;;;;;;;;;;X
scenarios\desert_fox\Extra_OOBs\ger6.txt;增援部队已经到达Y塔拉布鲁斯W;;;;;;;;;;X
scenarios\desert_fox\Extra_OOBs\ger7.txt;增援部队已经到达Y塔拉布鲁斯W;;;;;;;;;;X
scenarios\desert_fox\Extra_OOBs\ger8.txt;增援部队已经到达Y塔拉布鲁斯W;;;;;;;;;;X
scenarios\desert_fox\Extra_OOBs\ger9.txt;增援部队已经到达Y塔拉布鲁斯W;;;;;;;;;;X
scenarios\desert_fox\Extra_OOBs\ger10.txt;增援部队已经到达Y塔拉布鲁斯W;;;;;;;;;;X
scenarios\desert_fox\Extra_OOBs\ger11.txt;增援部队已经到达Y塔拉布鲁斯W;;;;;;;;;;X
scenarios\desert_fox\Extra_OOBs\ita1.txt;增援部队已经到达Y塔拉布鲁斯W;;;;;;;;;;X
scenarios\desert_fox\Extra_OOBs\ita2.txt;增援部队已经到达Y塔拉布鲁斯W;;;;;;;;;;X
scenarios\desert_fox\Extra_OOBs\ita3.txt;增援部队已经到达Y塔拉布鲁斯W;;;;;;;;;;X
scenarios\desert_fox\Extra_OOBs\ita4.txt;增援部队已经到达Y塔拉布鲁斯W;;;;;;;;;;X
scenarios\desert_fox\Extra_OOBs\ita5.txt;增援部队已经到达Y塔拉布鲁斯W;;;;;;;;;;X
scenarios\desert_fox\Extra_OOBs\ita6.txt;增援部队已经到达Y塔拉布鲁斯W;;;;;;;;;;X
scenarios\desert_fox\Extra_OOBs\ita7.txt;增援部队已经到达Y塔拉布鲁斯W;;;;;;;;;;X
scenarios\desert_fox\Extra_OOBs\ita8.txt;增援部队已经到达Y塔拉布鲁斯W;;;;;;;;;;X
scenarios\desert_fox\Extra_OOBs\ita9.txt;增援部队已经到达Y塔拉布鲁斯W;;;;;;;;;;X
scenarios\desert_fox\Extra_OOBs\ita10.txt;增援部队已经到达Y塔拉布鲁斯W;;;;;;;;;;X
headline_theatres;战区;;;;;;;;;;X
THEATRE_THEATRES;战区;;;;;;;;;;X
THEATRE_ALLIED_THEATRES;盟军战区;;;;;;;;;;X
BUILD;建造;;;;;;;;;;X
ASSIGN_SPARE;分配剩余;;;;;;;;;;X
NEEDS;需要;;;;;;;;;;X
atlantic_coast_region;大西洋贸易区;;;;;;;;;;X
pacific_coast_region;太平洋贸易区;;;;;;;;;;X
indian_coast_region;印度洋贸易区;;;;;;;;;;X
THEATRE_FRONT_PLANNING;前线计划;;;;;;;;;;X
ODDS_DEFEND_GOOD;我们守住这个位置不成问题;;;;;;;;;;X
ODDS_DEFEND_AVERAGE;我们可以守住这个位置一段时间;;;;;;;;;;X
ODDS_DEFEND_BAD;我们无法守住这个位置;;;;;;;;;;X
ODDS_ATTACK_GOOD;我们有信心在攻击时将敌军击退;;;;;;;;;;X
ODDS_ATTACK_AVERAGE;我们可以发起进攻，但或许需要增援部队才能守住新战线;;;;;;;;;;X
ODDS_ATTACK_BAD;我们的兵力不足以在一次进攻中有效完成任务;;;;;;;;;;X
FRONT_TITLE;$FROM$向$TO$推进;;;;;;;;;;X
DECLARE_WAR_NAP_LIMIT_DATE;我们签署了互不侵犯协定，它不能在Y$DATE$W之前撕毁。;;;;;;;;;;X
DECLARE_WAR_NAP_LIMIT_TROOPS_BALANCE;我们签署了互不侵犯协定并且无法撕毁，这是因为我们在边境没有足够的部队。我们需要Y$LIMIT_PERC$%W的部队驻扎于边境，但我们当前仅有Y$CURR_PERC$%W。;;;;;;;;;;X
DECLARE_WAR_NAP_BREAKABLE;我们签署了互不侵犯协定，但我们可以撕毁它。;;;;;;;;;;X
alert_nap_expiry_instant;Y互不侵犯协定状况。W;;;;;;;;;;X
alert_nap_expiry_delayed;与下列国家签署了互不侵犯协定：;;;;;;;;;;X
alert_nap_expiry_delayed_list_A;G$COUNTRY$W于Y$DATE$W后可以撕毁;;;;;;;;;;X
alert_nap_expiry_delayed_list_B;G$COUNTRY$W当前即可撕毁，但我们在边境没有足够的部队。我们需要Y$LIMIT_PERC$%W的部队驻扎于边境，但我们当前仅有Y$CURR_PERC$%W。;;;;;;;;;;X
alert_nap_expiry_delayed_list_C;G$COUNTRY$W当前即可撕毁;;;;;;;;;;X
alert_nap_expiry_delayed_list_D;到期时间Y$DATE$W。;;;;;;;;;;X
alert_nap_expiry_delayed_list_E;所需部队比例在Y$DATE$W后将改变为Y$LIMIT_PERC$%W。;;;;;;;;;;X
WARGOAL_EFFECT;增加了战争目标：$GOAL$;;;;;;;;;;X
IS_AT_UNDECLARED_WAR_WITH;对下列国家进行不宣之战;;;;;;;;;;X
HAS_NO_WAR_GOAL_AGAINST;在没有战争目标的情况下对抗;;;;;;;;;;X
USE_LEGACY_CAMERA;使用旧界面;;;;;;;;;;X
OOB_EXPAND_ALL;展开全部;;;;;;;;;;X
western_atlantic_region;西大西洋;;;;;;;;;;X
central_atlantic_region;中大西洋;;;;;;;;;;X
eastern_atlantic_region;东大西洋;;;;;;;;;;X
minister_event;部长辞职;;;;;;;;;;X
minister_event2;<NAME>递交了他的辞职信，这是由于其主张与政府之间的根本性矛盾。;;;;;;;;;;X
minister_event3;开除部长;;;;;;;;;;X
minister_event4;<name>被发现是卖国贼，所以已经被“开除”了;;;;;;;;;;X
minister_event5;……被某些人;;;;;;;;;;X
MR_pact_title;要求东波兰;;;;;;;;;;X
MR_pact_desc;波兰已经投降，是时候提醒德国我们的协定了;;;;;;;;;;X
EVTOPTA1507;遵守协定;;;;;;;;;;X
EVTOPTB1507;不遵守协定;;;;;;;;;;X
Yalta_name;雅尔塔会议;;;;;;;;;;X
Yalta_desc;雅尔塔会议，有时被称为克里米亚会议――其代号为亚尔古会议――召开于1945年2月4日至11日，是美国、英国和苏联政府首脑的一次战时会议，分别以总统富兰克林・D・罗斯福、首相温斯顿・丘吉尔与部长会议主席约瑟夫・斯大林为代表，会议的主要目的是讨论欧洲的战后重组。它特别讨论了重建在战争中被摧毁的欧洲国家的问题。其中一项主要结论就是要求纳粹德国无条件投降。战后，德国和柏林都应当划分为占领区。;;;;;;;;;;X
Convoy_Event_name;完善的运输护航;;;;;;;;;;X
Convoy_Event_desc;最近来自美国的补给运输显著地丰富起来了。;;;;;;;;;;X
DFConvoy_Event_name;被破坏的运输护航;;;;;;;;;;X
DFConvoy_Event_desc;最近的补给运输遭到了敌军极大地破坏，下一次护航运输船队到达之前补给会一直缺乏。;;;;;;;;;;X
ADD_UNDECLARED_REGION_EFFECT;在下列地区如果发现敌军即会发起进攻：;;;;;;;;;;X
desperate_defence;一寸山河一寸血;;;;;;;;;;X
EVTNAME4500;法国的命运;;;;;;;;;;X
EVTDESC4500;出乎意料地对法国宣战以后，我们必须决定在这场战争中的目标。我们应该按照历史轨迹占领北部及西部海岸同时让一个傀儡政权来管理南部区域和殖民地吗？;;;;;;;;;;X
EVTOPTA4500;听起来像是个好主意;;;;;;;;;;X
EVTOPTB4500;我对法国还有别的想法;;;;;;;;;;X
US_pacific_bases_region;美国太平洋基地;;;;;;;;;;X
Alaska_region;阿拉斯加;;;;;;;;;;X
US_west_coast_cities;西海岸战略城市;;;;;;;;;;X
MODIFIER_THREAT_RESISTANCE;威胁度抵抗;;;;;;;;;;X
Dutch_east_indies;荷属东印度群岛;;;;;;;;;;X
Singapore_region;新加坡地区;;;;;;;;;;X
Hongkong_region;香港;;;;;;;;;;X
UK_borneo_region;婆罗洲;;;;;;;;;;X
ATTEMPT_COUP;尝试政变;;;;;;;;;;X
disorganized_soviets;突然袭击;;;;;;;;;;X
COUP_DESC;尝试发动政变，这将消耗你在$TARGET$的所有间谍;;;;;;;;;;X
COUP_DESC_DISABLED;他们的政党支持度太高;;;;;;;;;;X
egypt_and_middle_east;埃及与中东;;;;;;;;;;X
caucasus_region;高加索地区;;;;;;;;;;X
QUALIFIES_FOR_CABINET;该内阁职位拥有Y$COUNT$W候选人;;;;;;;;;;X
COUP_NOT_ENOUGH_SUPPORT;我们的政治盟友力量还不足以在$TARGET$发动政变;;;;;;;;;;X
EVTNAME5057;政府被颠覆！;;;;;;;;;;X
EVTDESC5057;外国势力趁我们内阁出现分歧时在我国发动了一次成功的政变。今天是我国迎来光荣新时代的开始！;;;;;;;;;;X
EVTOPTA5057;我说，欢迎我们的新霸主;;;;;;;;;;X
EVTNAME5058;政变失败;;;;;;;;;;X
EVTDESC5058;今天我们的国内安全部门阻止了一次有外国背景的政变预谋。当然，尽管他们这次失败了，但我们的政府依然在意识形态方面陷入了危险的分歧。或许是时候清洗一下我们的内阁了？;;;;;;;;;;X
EVTOPTA5058;这无法颠覆我们，还会让我们更加强大！;;;;;;;;;;X
the_continuation_war_title;继续战争;;;;;;;;;;;;x
the_continuation war_desc;冬季战争的失败只是小小挫折，现在德国对苏联的入侵给了我们翻盘的机会。;;;;;;;;;;;;x 
