EVTNAME10000;兴登堡号坠毁;;;;;;;;;;X
EVTDESC10000;德国飞艇兴登堡号不幸于今日在美国新泽西州莱克赫斯特海军航空总站坠毁。由于未知原因，飞艇突然燃起熊熊大火失控坠落，造成35人死亡。\n\n由于氦的稀缺和昂贵，兴登堡号和其他德国飞艇一样都使用氢气。氢气可以提供极佳的浮力，但也更易燃烧。在公众大感恐慌与更快速的客运飞机兴起的状况下，这是否意味着飞艇时代的终结？;;;;;;;;;;X
EVTOPTA10000;啊，人类!;;;;;;;;;;X
EVTNAME10001;五角大楼竣工;;;;;;;;;;X
EVTDESC10001;五角大楼已于近日竣工。它占地面积235.90万平方米，大楼高22米，共有6层，总建筑面积60.80万平方米，使用面积约34.40万平方米，当时造价8700万美元，可供2.3万工作人员在此办公。尽管五角大楼建筑规模庞大，其内部空间仍然无法容纳美国陆军部指挥中心的所有工作人员。;;;;;;;;;;X
EVTOPTA10001;打一场战争可不容易;;;;;;;;;;X
EVTNAME10002;刺杀托洛茨基;;;;;;;;;;X
EVTDESC10002;列夫・托洛茨基，曾经的列宁的头号军事指挥官和继承人，今天在墨西哥城的一家医院里去世。他在家中被苏联情报单位特务拉蒙・麦卡德用冰斧残忍的凿入后脑，不久便因伤去世。\n\n在与斯大林争夺联共（布）党主导权的斗争中失败后，托洛茨基被驱逐出境，辗转流亡于土耳其，法国和挪威，最终定居于墨西哥。他一直在批判斯大林及其统治下的“堕落的工人国家”苏联。;;;;;;;;;;X
EVTOPTA10002;他赌上了自己的生命;;;;;;;;;;X
EVTNAME10003;威廉二世皇帝;;;;;;;;;;X
EVTDESC10003;最后一任德国皇帝威廉二世于今日去世，享年82岁。一战结束后，威廉二世被迫退位，逃亡至荷兰，并发誓绝不重返德国直到德国重新确立君主制。\n\n1888年3月9日，德皇威廉一世逝世后，威廉二世的父亲被加冕为腓特烈三世皇帝，但99天后死于咽喉癌。同年六月威廉二世继位成为皇帝。他的长子威廉曾在一战中指挥第5集团军，现在成为霍亨索伦家族的元首。;;;;;;;;;;X
EVTOPTA10003;若无上帝，别无一切!;;;;;;;;;;X
EVTNAME10004;阿梅莉亚・埃尔哈特失踪;;;;;;;;;;X
EVTDESC10004;阿梅莉亚・埃尔哈特，第一位独自飞越大西洋的女飞行员，在飞越太平洋期间神秘失踪。一起失踪的还有她的导航员弗莱德・努南。他们两人正在驾驶一架双引擎洛克希德L-10飞机试图环绕地球。美国海岸警卫队和海军正在组织搜救工作。;;;;;;;;;;X
EVTOPTA10004;航空女王离我们而去了;;;;;;;;;;X
EVTNAME10005;第十一届奥运会;;;;;;;;;;X
EVTDESC10005;第11届奥运会近日在德国柏林举行。参加比赛的有来自49个国家的4066名运动员，比赛还得到了有限的电视实况报道。\n\n德国运动员大获全胜，获33金名列第一。美国紧随其后，以24金名列第二，其中欧文斯独力拿下四块金牌，成为本届奥运会最成功的运动员。;;;;;;;;;;X
EVTOPTA10005;奥运会闭幕了;;;;;;;;;;X
EVTNAME10006;世界大战;;;;;;;;;;X
EVTDESC10006;改编自H・G・威尔斯小说《世界大战》的广播剧日前在美国造成了大恐慌。广播剧以万圣节剧的形式在空中水银剧场播出，著名新闻主持人奥森・威尔斯是它的导演兼主播。威尔斯在广播剧中描述了看上去势不可挡的火星人对地球的全面入侵。\n\n许多只听了广播剧片段的听众信以为真，造成了大范围的恐慌。专家将这一现象的原因归结为紧张的国际局势和压在国家头顶的战争威胁。;;;;;;;;;;X
EVTOPTA10006;原来世界还没有完蛋？;;;;;;;;;;X
EVTNAME10007;维苏威火山喷发;;;;;;;;;;X
EVTDESC10007;曾在公元79年摧毁罗马古城庞贝的维苏威火山再次喷发。火山尘远至那不勒斯都能看到，尽管这不是维苏威火山最具破坏性的喷发，火山附近的几个村庄还是遭受了毁灭性的损失。;;;;;;;;;;X
EVTOPTA10007;出人意料;;;;;;;;;;X
EVTNAME10020;伦敦失守;;;;;;;;;;X
EVTDESC10020;在第一支德军侦察部队进入城市时，空旷的街道上只有大本钟的钟声回荡。钟声很快被一阵轻武器的射击声淹没，不久后连大本钟本身都在一辆德国坦克发射的炮弹下化为尘埃。\n\n伞降猎兵突袭了白金汉宫，但王室成员早已撤离。英国国旗降下，纳粹旗帜升起，宣告着伦敦的失守。;;;;;;;;;;X
EVTOPTA10020;天佑国王!;;;;;;;;;;X
EVTNAME10021;开罗沦陷;;;;;;;;;;X
EVTDESC10021;德国部队如同席卷沙漠的势不可挡的大沙暴一般攻克了开罗。非洲军团落慢沙尘的装甲车辆驶过吉萨金字塔和狮身人面像，继续向新的征服目标前进。;;;;;;;;;;X
EVTOPTA10021;他们会在哪里停下?;;;;;;;;;;X
EVTNAME10022;华盛顿陷落;;;;;;;;;;X
EVTDESC10022;抛下正在紧张进行的焚烧秘密文件的工作，中情局留守特工跳上他们的黑色小轿车驶出华盛顿特区，以躲避正在波托马克河畔进入射击阵地的德国装甲部队。在战斗的尘埃尚未落定之时，盖世太保的官员就已经穿梭在废纸堆里寻找情报。\n\n为了阻挡德军前进，美军战斗工兵进行了大量的爆破，连华盛顿纪念碑也在爆炸中无奈倾倒。与此同时，小股伞降猎兵夺取了白宫。华盛顿沦陷了。;;;;;;;;;;X
EVTOPTA10022;新秩序的黎明;;;;;;;;;;X
EVTNAME10023;纽约沦陷;;;;;;;;;;X
EVTDESC10023;为了夺取纽约，德军对曼哈顿发起了攻击，随后陷入了激烈的巷战。坦克和装甲车重破反坦克障碍，驶入第五大街；装甲掷弹兵逐屋逐街驱逐武装民兵。\n\n城市东半部燃起了无法控制的大火，照亮了整个夜空。德国工兵炸毁了帝国大厦，以彻底解决里面的美军狙击手。自由女神像似乎能躲过战火，直到一发火箭弹削掉了女神像的头。;;;;;;;;;;X
EVTOPTA10023;大苹果的沦陷;;;;;;;;;;X
EVTNAME10024;莫斯科失守;;;;;;;;;;X
EVTDESC10024;破晓时分，德国坦克开上了莫斯科街头，半履带车在红场卸下运载的兵员。德军步兵在市郊激烈交火造成的浓烟中向克里姆林宫发起突击，用手榴弹那和火焰喷射器肃清死守每一寸土地的内务部队。\n\n随着莫斯科最终被德军完全控制，城内只剩下了撤退的苏联守军留下的定时炸弹不时的爆炸声。苏联首都只剩下残垣断壁，不过令苏联领导人安心的是，列宁的遗体已经被安全的转移到了东部。;;;;;;;;;;X
EVTOPTA10024;这是俄罗斯的末日吗?;;;;;;;;;;X
EVTNAME10025;列宁格勒失守;;;;;;;;;;X
EVTDESC10025;列宁格勒，俄国革命的摇篮，沦入德国之手。郊区还可见到零星的抵抗，城区的残骸则笼罩在一片寂静之中。\n\n德国士兵列队走过圣以撒大教堂，教堂已经被苏联人涂成灰色以躲避空袭，现在已经布满了弹洞。;;;;;;;;;;X
EVTOPTA10025;战斗在东方还在继续.;;;;;;;;;;X
EVTNAME10026;斯大林格勒沦陷;;;;;;;;;;X
EVTDESC10026;德军前锋部队终于夺取了斯大林格勒，这座伏尔加河畔以斯大林之名命名的城市。夺取斯大林格勒拖拉机厂和马马耶夫岗高地后，德军将苏联守军赶到了伏尔加河的东岸。\n\n红军的残部与游击队员撤退到下水道和地下室继续着战斗，德军的肃清行动标志着一种崭新作战形式的诞生。;;;;;;;;;;X
EVTOPTA10026;这叫做老鼠战;;;;;;;;;;X
EVTNAME10027;柏林陷落;;;;;;;;;;X
EVTDESC10027;柏林，阿道夫・希特勒梦想中的日耳曼尼亚世界首都，最终被红军占领。苏联红军苦战夺取柏林东侧的希洛高地后，柏林城内爆发了残酷的巷战。\n\n德国工兵爆破斯普里河上的毛奇桥的尝试只取得了部分成功，仍有大批苏军步兵顺利渡河。血战过后，苏联国旗高高飘扬在国会大厦顶。;;;;;;;;;;X
EVTOPTA10027;柏林已经陷落;;;;;;;;;;X
EVTNAME10028;新加坡沦陷;;;;;;;;;;X
EVTDESC10028;新加坡，“东方的直布罗陀”，被日本人从英国人手中夺走。尽管它曾号称是有威力无穷的海岸炮防守的难攻不落之要塞，现在却已然成为大日本帝国在东亚的一个战略性军港。浮尔顿大厦被日本占领军选作总部，城市也被改名为昭南岛，意为昭和年间夺取的南方岛屿。大街上巡逻的宪兵队标志着日本人统治的到来。;;;;;;;;;;X
EVTOPTA10028;大不列颠的灾难!;;;;;;;;;;X
EVTNAME10029;悉尼沦陷;;;;;;;;;;X
EVTDESC10029;日本帝国继续南进，征服了悉尼。澳大利亚守军从港口区撤退到天文台山继续抵抗。\n\n工兵炸毁悉尼港口大桥的行动失败，天文台山最终也被日军的一次损失惨重的正面冲锋夺取。日本军旗飘扬在现已成为日本占领军司令部的悉尼市政厅顶，宪兵队也开始在街道上巡逻。;;;;;;;;;;X
EVTOPTA10029;澳大利亚人还能恢复过来吗?;;;;;;;;;;X
EVTNAME10030;珍珠港失守;;;;;;;;;;X
EVTDESC10030;日军突袭并夺取了火奴鲁鲁，夏威夷群岛的首府。邻近的珍珠港军港也被攻占。\n\n撤退到福特岛后，美国海军和海军陆战队官兵依然继续抵抗，直到在海空联合轰炸下被迫投降。随着珍珠港的夺取，日本海军的作战半径得到了显著扩大。;;;;;;;;;;X
EVTOPTA10030;臭名昭著的一天...;;;;;;;;;;X
EVTNAME10031;洛杉矶沦陷;;;;;;;;;;X
EVTDESC10031;在登陆美国本土后，日本陆军迅速夺取了洛杉矶。日军压制了大部分街区，只有洛杉矶市中心还有抵抗。\n\n随着战斗逐渐平息，只剩下了零星的狙击，日军列队走过中央大街，展示皇军的军威。一架日本战斗机低空飞过好莱坞标志，从文化上表达了蔑视。;;;;;;;;;;X
EVTOPTA10031;好莱坞不再灯火辉煌;;;;;;;;;;X
Spy_tech;窃取科技机密;;;;;;;;;;X
Spy_tech2;在外国研究机构的我国间谍窃取了一些有趣的机密。尽管我们没能偷到成品，这些概念技术还是可以加速我国的科研。;;;;;;;;;;X
Spy_prod;窃取生产机密;;;;;;;;;;X
Spy_prod2;在外国工厂的我国间谍窃取了一些有趣的机密。尽管我们没能偷到成品，这些概念技术还是可以加速我国的工业生产。;;;;;;;;;;X
Spy_prod3;数量本身就是质量!;;;;;;;;;;X
spy_party_good;支持度增长;;;;;;;;;;X
spy_party_good2;提高我党支持度的努力获得成效，大众的支持声一浪高过一浪。每当党政要员发表演讲时，总会出现万人空巷的场面。;;;;;;;;;;X
spy_party_good3;你们得到了我的选票!;;;;;;;;;;X
spy_party_bad;政治宣传事与愿违;;;;;;;;;;X
spy_party_bad2;提高我党支持度的努力事与愿违，大众的嘲讽声一浪高过一浪。每当党政要员发表演讲时，总会收到很多烂水果。;;;;;;;;;;X
spy_party_bad3;滚开！;;;;;;;;;;X
spy_threat;<$TARGET$>威胁度提升;;;;;;;;;;X
spy_threat2;<$TARGET$>对我国的威胁使越来越多的年轻人报名参军。;;;;;;;;;;X
spy_threat2b;他们必须被阻止，不论代价;;;;;;;;;;X
spy_threat3;<$TARGET$>对我国的威胁过大，人民反对采取任何可能使<$TARGET$>向我们倾泻怒火的举动。;;;;;;;;;;X
spy_threat3b;也许我们应该静观其变?;;;;;;;;;;X
amphibious_invasion_technology;两栖入侵战术;;;;;;;;;;X
amphibious_invasion_technology_desc;通过研究过去的两栖入侵，我们能加速部队卸载速度。;;;;;;;;;;X
amphibious_invasion_craft;两栖登陆艇;;;;;;;;;;X
amphibious_invasion_craft_desc;平底，首开门驳，这些登陆艇可以迅速在滩头卸下登陆部队。;;;;;;;;;;X
advanced_invasion_craft;两栖突击舰;;;;;;;;;;X
advanced_invasion_craft_desc;比起登陆艇来体积更大，防护更充分，两栖突击舰可以向滩头运送坦克，增加两栖行动成功的可能性。;;;;;;;;;;X
amphibious_assault_units;火力支援艇;;;;;;;;;;X
amphibious_assault_units_desc;通过提供火力支援和防空艇支援登陆，我们可以为登陆部队提供更周全的保护，;;;;;;;;;;X
invasion_transport_ship;两栖登陆艇;;;;;;;;;;X
invasion_transport_ship_short;登陆艇;;;;;;;;;;X
assault_ship;两栖突击舰;;;;;;;;;;X
assault_ship_short;突击舰;;;;;;;;;;X
DESTROY;摧毁;;;;;;;;;;X
DIVISIONS_TO_BUILD;待组建的师;;;;;;;;;;X
BRIGADES_TO_BUILD;待组建的旅;;;;;;;;;;X
AIRS_TO_BUILD;待建造飞机;;;;;;;;;;X
NAVIES_TO_BUILD;待建造舰船;;;;;;;;;;X
CGM_IC_COST;IC*天 花费;;;;;;;;;;X
AMPH_INVASION_COMBAT_PROGRESS_DESC;Y这支部队正在两栖登陆舰中。其攻击能力下降，防御能力则由于登陆舰的装甲而增强.?!;;;;;;;;;;X
AMPH_INVASION_SPEED_BONUS;两栖登陆速度;;;;;;;;;;X
AMPH_INVASION_DEFENCE_BONUS;两栖登陆舰防御;;;;;;;;;;X
AMPH_INVASION_PROGRESS;两栖登陆进度： $PERC$%;;;;;;;;;;X
AMPH_INVASION_ATTACK_SCALE;总攻击能力： $PERC$%;;;;;;;;;;X
AMPH_INVASION_DEFEND_SCALE;总防御能力： $PERC$%;;;;;;;;;;X
SCENARIO_SCW;西班牙内战;;;;;;;;;;X
SCENARIO_SCW_DESC;出于对激进的执政党控制整个国家的恐惧，军队中的反动分子发动兵变以夺取西班牙的统治权。然而，叛乱并没有如计划般成功，政府依然掌控着超过半数的领土。一场血腥的内战将会是重新统一西班牙的唯一途径。;;;;;;;;;;X
SCENARIO_winter;冬季战争;;;;;;;;;;X
SCENARIO_winter_DESC;在签署苏德互不侵犯条约并鲸吞东波兰后，苏联将注意力转向了北方的弱小邻居芬兰，期望重演一次轻松的占领行动。苏联人很快惊讶于红军面对固守家园的芬兰军队是如此准备不足与不堪一击。尽管苏联很可能取得最终胜利，代价也必然会异常高昂。;;;;;;;;;;X
DEPLOYMENT;部署;;;;;;;;;;X
MULTI_SEL_PRIO_DESC;G$NUM$?! /G$MAX$?!被选择部队开启了升级和补充的 Y优先权?!.;;;;;;;;;;X
MULTI_SEL_PRIO_REINF_DESC;G$NUM$?! /G$MAX$?! selected units will receive reinforcements YENABLED?!.;;;;;;;;;;X
MULTI_SEL_PRIO_UPG_DESC;G$NUM$?! / G$MAX$?! selected units will receive upgrades YENABLED?!.;;;;;;;;;;X
MULTI_SEL_UPGRADE_DESC;G$NUM$?!个旅可以升级.;;;;;;;;;;X
UNIT_UPG_PROGRESS;升级进度$PROG$%;;;;;;;;;;X
CLEAR_ALL;清除所有;;;;;;;;;;X
mot_aa_brigade;摩托化防空部队;;;;;;;;;;X
mot_aa_brigade_short;摩托化防空;;;;;;;;;;X
waffen_brigade;武装党卫军;;;;;;;;;;X
waffen_brigade_short;党卫军;;;;;;;;;;X
guards_brigade;近卫军;;;;;;;;;;X
guards_brigade_short;近卫;;;;;;;;;;X
imperial_brigade;皇家禁卫军;;;;;;;;;;X
imperial_brigade_short;皇家禁卫;;;;;;;;;;X
alpini_brigade;阿尔卑斯山地兵;;;;;;;;;;X
alpini_brigade_short;阿尔卑斯山地;;;;;;;;;;X
alpins_brigade;高山猎人部队;;;;;;;;;;X
alpins_brigade_short;高山猎人;;;;;;;;;;X
ranger_brigade;游骑兵;;;;;;;;;;X
ranger_brigade_short;游骑兵;;;;;;;;;;X
gurkha_brigade;廓尔喀部队;;;;;;;;;;X
gurkha_brigade_short;廓尔喀;;;;;;;;;;X
SPIES_INFILTRATED_LESS;Grk;;;;;;;;;;X
SPIES_INFILTRATED_MORE;Grk;;;;;;;;;;X
TECH_AT_MAX;(最大);;;;;;;;;;X
COV_OPS_COST;改变行动花费: ;;;;;;;;;;X
COV_OPS_COST_LACKING;花费 R$COST$?!行动点数。我们只有 Y$CURRENT$?! ;;;;;;;;;;X
COV_OPS_EXECUTE;\n\n效果:\n;;;;;;;;;;X
ALLOCATED_SPIES_FOR_MISSION_TRIGGER_LESS; Y$MISSION$?!的间谍至少有 Y$VALUE$?!个;;;;;;;;;;X
ALLOCATED_SPIES_FOR_MISSION_TRIGGER_MORE; Y$MISSION$?!的间谍少于 Y$VALUE$?!个;;;;;;;;;;X
HAS_NO_HOSTILE_MISSION;没有正在执行的敌意间谍任务;;;;;;;;;;X
HAS_HOSTILE_MISSION;正在执行敌意间谍任务;;;;;;;;;;X
CGM_CONTINUE_PROMPT;确定要继续到下一阶段吗？\n之后将无法返回上一阶段。;;;;;;;;;;X
CGM_RESET_PROMPT;确定要重置当前阶段吗？;;;;;;;;;;X
CGM_TOOLTIP_DIPLOMACY_STAGE;在这个阶段你可以编辑外交。\n你可以花费外交点数离开阵营并退出战争，转投另一阵营，甚至改变中立等级。;;;;;;;;;;X
CGM_TOOLTIP_TECHNOLOGY_STAGE;在这个阶段你可以花费科技点数研究科技，或者取消已研究的科技以获得点数。;;;;;;;;;;X
CGM_TOOLTIP_DEPLOYMENT_STAGE;在这个阶段你可以IC*天点数组建部队或建造设施。\n点击建造按钮可以组建部队。\n解散部队可以收回点数和人力。\n设施可以再生分界面建造或拆除。;;;;;;;;;;X
CGM_TOOLTIP_STAGE_MULTI;一旦所有玩家确认改变，就可以进入下一阶段。;;;;;;;;;;X
CGM_TOOLTIP_CONTINUE;确认改变以进入下一阶段。;;;;;;;;;;X
CGM_TOOLTIP_RESET;还原你的改变。;;;;;;;;;;X
CGM_TOOLTIP_MENU;打开游戏菜单。;;;;;;;;;;X
CGM_TOOLTIP_PROGRESS_DIPLOMACY;可用的 Y外交?! 点数.;;;;;;;;;;X
CGM_TOOLTIP_PROGRESS_TECHNOLOGY;可用的 Y科技?! 点数.;;;;;;;;;;X
CGM_TOOLTIP_PROGRESS_DEPLOYMENT;可用的 YIC*天?! 点数.;;;;;;;;;;X
CGM_TOOLTIP_BUILD;设计，组建并部署部队;;;;;;;;;;X
CGM_TOOLTIP_CONVOY;建造或摧毁 Y运输船?!.;;;;;;;;;;X
CGM_TOOLTIP_ESCORT;建造或摧毁 Y护航舰?!.;;;;;;;;;;X
CGM_TOOLTIP_CONVOY_ESCORT_COST;每个单位花费：\nY$IC$?! IC*天;;;;;;;;;;X
CGM_TOOLTIP_CONVOY_ESCORT_DELAYED;GShift+鼠标左键?! - +Y$NUM$?! 一起按下.\nGCtrl+鼠标左键?! - G重置?! 回默认值.;;;;;;;;;;X
CGM_TOOLTIP_NEUTRALITY;你可以花费外交点数改变中立度.;;;;;;;;;;X
CGM_TOOLTIP_FACTION_ALIGN;你可以花费外交点数改变阵营倾向;;;;;;;;;;X
CGM_TOOLTIP_ALREADY_IN_FACTION;R你不能改变阵营倾向。\n你应该先离开现阵营。?!;;;;;;;;;;X
CGM_TOOLTIP_LEAVE_FACTION_LEADER;R你不能离开阵营，因为你是阵营领袖。?!;;;;;;;;;;X
CGM_TOOLTIP_LEAVE_FACTION_NON_FACTIONED;R你不是阵营成员?!;;;;;;;;;;X
CGM_TOOLTIP_LEAVE_FACTION;点击离开阵营。\n所有你参加的阵营战争将达成无条件和平。\nG(确认将会使你离开现阵营)?!;;;;;;;;;;X
CGM_TOOLTIP_LEAVE_FACTION_PUPPET;R你是阵营成员 Y$COUNTRY$R 的傀儡国。\n如果该国离开阵营，我们将自动脱离阵营。?!;;;;;;;;;;X
CGM_TOOLTIP_REJOIN_FACTION;点击重新加入阵营。\nG点数将被退回。?!;;;;;;;;;;X
CGM_TOOLTIP_COST;点数花费： $COST$;;;;;;;;;;X
CGM_TOOLTIP_CLEAR_ALL;清除所有科技到0级。\n你可以点击顶部的 Y还原?! 按钮恢复默认，或 GCtrl+鼠标双击?! 特定种类的科技。;;;;;;;;;;X
CGM_TOOLTIP_TECH_PLUS;提高科技等级。;;;;;;;;;;X
CGM_TOOLTIP_TECH_MINUS;降低科技等级。\nG点数将被退回。?!;;;;;;;;;;X
CGM_TOOLTIP_TECH_RESET;重置科技等级为默认值。;;;;;;;;;;X
CGM_TOOLTIP_TECH_PLUS_SHORTCUT;G鼠标双击?! 以提高等级.;;;;;;;;;;X
CGM_TOOLTIP_TECH_MINUS_SHORTCUT;GShift + 鼠标双击?! 以降低等级.;;;;;;;;;;X
CGM_TOOLTIP_TECH_RESET_SHORTCUT;GCtrl + 鼠标双击?! 以恢复默认.;;;;;;;;;;X
CGM_TOOLTIP_THEORY_PRACTICE;Y理论?! 和 Y实践?! 等级将在设置结束后重新计算.;;;;;;;;;;X
CGM_TOOLTIP_BUILDING_SHORTCUT;G鼠标左键单击?! 提高等级。\nG鼠标右键单击?! 降低等级。\nGCtrl+鼠标左键?! 恢复默认。;;;;;;;;;;X
CGM_TOOLTIP_UNDERGROUND_BUILD_DESTROY;建造或摧毁地下抵抗基地。;;;;;;;;;;X
CGM_WAITING_FOR_PLAYERS;等待其他玩家;;;;;;;;;;X
CGM_PLAYER_STATUS;状态： ;;;;;;;;;;X
CGM_STATUS_DISCONNECTED;R断开连接?!;;;;;;;;;;X
CGM_STATUS_WAITING_CONFIRM;Y等待确认?!;;;;;;;;;;X
CGM_STATUS_CONFIRMED;G已确认?!;;;;;;;;;;X
PARATROOPEDUS_SETUP;当敌军伞兵空降我国领土.;;;;;;;;;;X
PARATROOPEDUS_HEADER;$chief_of_staff$报告;;;;;;;;;;X
PARATROOPEDUS_1;$ENEMY$的伞兵;;;;;;;;;;X
PARATROOPEDUS_2;正在$PROV$空投.;;;;;;;;;;X
PARATROOPEDUS_3;*;;;;;;;;;;X
PARATROOPEDUS_4;*;;;;;;;;;;X
PARATROOPEDUS_5;*;;;;;;;;;;X
PARATROOPEDUS_6;*;;;;;;;;;;X
PARATROOPEDUS_LOG;$ENEMY$在$PROV$空投伞兵.;;;;;;;;;;X
PARATROOPEDUS_BTN1;好的;;;;;;;;;;X
PARATROOPEDUS_BTN2;好的;;;;;;;;;;X
PARATROOPEDUS_BTN3;转到;;;;;;;;;;X
PARATROOPEDUS_MAP;伞兵;;;;;;;;;;X
INVADEDUS_SETUP;当敌军发动两栖登陆.;;;;;;;;;;X
INVADEDUS_HEADER;$chief_of_staff$报告;;;;;;;;;;X
INVADEDUS_1;$ENEMY$的登陆部队;;;;;;;;;;X
INVADEDUS_2;正在$PROV$抢滩.;;;;;;;;;;X
INVADEDUS_3;*;;;;;;;;;;X
INVADEDUS_4;*;;;;;;;;;;X
INVADEDUS_5;*;;;;;;;;;;X
INVADEDUS_6;*;;;;;;;;;;X
INVADEDUS_LOG;$ENEMY$正在$PROV$发动两栖登陆.;;;;;;;;;;X
INVADEDUS_BTN1;好的;;;;;;;;;;X
INVADEDUS_BTN2;好的;;;;;;;;;;X
INVADEDUS_BTN3;转到;;;;;;;;;;X
INVADEDUS_MAP;两栖登陆;;;;;;;;;;X
BUILD_ADD_REM_BUNDLE;YCtrl + 鼠标左键?! 来增加或减少 G$NUM$?!;;;;;;;;;;X
OOB_MATCH_VIEWS;指挥链图;;;;;;;;;;X
DISBAND_ALL_TITLE;解散所有部队;;;;;;;;;;X
DISBAND_ALL_DESC;你确定要R解散?!Y$NUM$?!支部队？;;;;;;;;;;X
CANCEL_MULTI_CONSTRUCTIONS_PROMPT;你确定要取消Y$NUM$?!个设施？;;;;;;;;;;X
CANCEL_MULTI_CONSTRUCTIONS_DESC;GCTRL + 鼠标左键?! 以取消与被选中设施建造进度相同或更慢的所有同类设施。;;;;;;;;;;X
NO_MULTILOAD_AIR;没有运输机能装载这些部队.;;;;;;;;;;X
UNMOUNT_MULTILOAD;从运输船和运输机上卸载G$NUM$?!支部队。;;;;;;;;;;X
UNMOUNT_MULTILOAD_NONE;运输船和运输机上没有部队可卸载。;;;;;;;;;;X
HIGHER_COMMAND_MULTI_UNITS;创建一个G更高级的指挥部?!，并将所有选中单位纳入其麾下（除了战区）。;;;;;;;;;;X
DETACH_ALL;将所有选中单位脱离指挥链。\n战区不在此列。;;;;;;;;;;X
ENEMY_IC_RATIO_DESC;与敌人的IC数量比为Y$RATIO$%?!.;;;;;;;;;;X
ENEMY_IC_RATIO_NOT_DESC;与敌人的IC数量比不少于Y$RATIO$%?!.;;;;;;;;;;X
SPLIT_UNITS_DESC;GCTRL + 鼠标左键?! 以分割成 G$NUM$?! 支部队。;;;;;;;;;;X
desert_fox;沙漠之狐;;;;;;;;;;X
swamp_fox;沼泽之狐;;;;;;;;;;X
mountaineer;山地战专家;;;;;;;;;;X
hill_fighter;丘陵战专家;;;;;;;;;;X
jungle_rat;丛林之鼠;;;;;;;;;;X
ranger;林地战专家;;;;;;;;;;X
urban_assault_specialist;巷战大师;;;;;;;;;;X
TRAIT_TERRAIN_SPEED;在Y$TYPE$?!地形的速度加成;;;;;;;;;;X
TRAIT_TERRAIN_ATTACK;在Y$TYPE$?!地形的攻击加成;;;;;;;;;;X
TRAIT_GAIN_PROGRESS;获得Y$TRAIT$?!的进度为G$PROG$%?;;;;;;;;;;X
ACTUAL_TRAITS_DESC;实际特性：;;;;;;;;;;X
TO_GAIN_TRAITS_DESC;可获得特性：;;;;;;;;;;X
NO_TRAIT_TO_GAIN_DESC;现在没有特性可获得;;;;;;;;;;X
TRAIT_FILTER_DESC;按特性过滤将领。\n勾掉你不想看到的特性。\nY鼠标右键?! - 重置所有过滤条件。;;;;;;;;;;X
TRAIT_FILTER_ENTRY_DESC;Y鼠标右键?! - 选择所有特性。;;;;;;;;;;X
TRAIT_FILTER;过滤:;;;;;;;;;;X
NO_TRAIT_FILTER;无特性;;;;;;;;;;X
BP_TAB_CURRENT;现有计划;;;;;;;;;;X
BP_TAB_HISTORICAL;历史计划;;;;;;;;;;X
BP_TOOL_COLOR_RED;红色;;;;;;;;;;X
BP_TOOL_COLOR_GREEN;绿色;;;;;;;;;;X
BP_TOOL_COLOR_BLUE;蓝色;;;;;;;;;;X
BP_TOOL_COLOR_YELLOW;黄色;;;;;;;;;;X
BP_TOOL_ARROW_SLIM;细箭头;;;;;;;;;;X
BP_TOOL_ARROW_MEDIUM_1;中等箭头1;;;;;;;;;;X
BP_TOOL_ARROW_MEDIUM_2;中等箭头2;;;;;;;;;;X
BP_TOOL_ARROW_MEDIUM_3;中等箭头3;;;;;;;;;;X
BP_TOOL_ARROW_THICK;粗箭头;;;;;;;;;;X
BP_TOOL_BORDER_1;边界类型1;;;;;;;;;;X
BP_TOOL_BORDER_2;边界类型2;;;;;;;;;;X
BP_TOOL_BORDER_3;边界类型3;;;;;;;;;;X
BP_TOOL_BORDER_4;边界类型4;;;;;;;;;;X
BP_TOOL_BORDER_5;边界类型5;;;;;;;;;;X
BP_TOOL_ICON_AIRPLANE;飞机标志;;;;;;;;;;X
BP_TOOL_ICON_TANK;坦克标志;;;;;;;;;;X
BP_TOOL_ICON_BOMB_1;小炸弹标志;;;;;;;;;;X
BP_TOOL_ICON_BOMB_2;大炸弹标志;;;;;;;;;;X
BP_SAVE_PLAN_CONFIRM;保存计划;;;;;;;;;;X
BP_SAVE_PLAN_CANCEL;取消;;;;;;;;;;X
BP_SAVE_PLAN_PROMPT;战役计划已存在！\n你确定要覆盖吗？;;;;;;;;;;X
BP_DELETE_SAVED_PLAN_PROMPT;你确定要删除已保存的战役计划吗？;;;;;;;;;;X
BP_DELETE_CURRENT_PLAN_PROMPT;你确定要删除现有战役计划吗？;;;;;;;;;;X
BP_SHARED_WITH;分享者:;;;;;;;;;;X
BP_NEW_PLAN;新计划;;;;;;;;;;X
BP_TOOLTIP_TAB_CURRENT;现有战役计划列表。;;;;;;;;;;X
BP_TOOLTIP_TAB_HISTORICAL;历史战役计划列表。\n点击Y导入?!可以将选中的计划添加进现有计划列表。;;;;;;;;;;X
BP_TOOLTIP_TAB_SAVED;已保存战役计划列表。\n点击Y导入?!可以将选中的计划添加进现有计划列表。;;;;;;;;;;X
BP_TOOLTIP_NEW_PLAN;创建新计划;;;;;;;;;;X
BP_TOOLTIP_REMOVE_PLAN;删除选中计划。;;;;;;;;;;X
BP_TOOLTIP_SHARE_PLAN;点击Y分享?!按钮可以将选中计划展示给G盟友?!.;;;;;;;;;;X
BP_TOOLTIP_SAVE_PLAN;保存选中计划为文档。;;;;;;;;;;X
BP_TOOLTIP_RENAME_PLAN;重命名选中计划;;;;;;;;;;X
BP_TOOLTIP_IMPORT_PLAN;添加选中计划到现有战役计划列表。;;;;;;;;;;X
BP_TOOLTIP_TOOL_SELECT;点击一个可选对象;;;;;;;;;;X
BP_TOOLTIP_TOOL_ARROW;选择箭头类型，然后用Y鼠标左键?!拖到地图上。\n按住 YShift?! + Y鼠标左键?!将箭头与其他箭头对齐。;;;;;;;;;;X
BP_TOOLTIP_TOOL_BORDER;选择边界类型，然后用Y鼠标左键?!拖到地图上。;;;;;;;;;;X
BP_TOOLTIP_TOOL_ICON;选择图标类型，然后用Y鼠标左键?!拖到地图上。\n按住 YShift?! + Y鼠标滚轮?!可以翻转图标。;;;;;;;;;;X
BP_TOOLTIP_TOOL_COLOR;选择现有颜色为箭头和图标上色。\n颜色还将被应用在所有当前选中的箭头或图标上。;;;;;;;;;;X
BP_TOOLTIP_TOOL_TEXT;在地图上设置文字标志。\n如果什么都没有选择，将创建一个新文本。\n如果选中一个箭头，文字将写在箭头上。\n如果选中一个文本，将编辑这个文本。\nYShift?! + Y鼠标滚轮?!可以翻转文本。\nYCtrl?! + Y鼠标滚轮?!可以调整文本大小。;;;;;;;;;;X
BP_TOOLTIP_TOOL_ERASE;删除选中对象。;;;;;;;;;;X
BP_TOOLTIP_VISIBILITY;切换地图上的计划透明度。;;;;;;;;;;X
SWM_BUTTON_SHOW;战略界面;;;;;;;;;;X
SWM_RECORDS_BEGIN_DATE;开始日期：Y$DATE$?!;;;;;;;;;;X
SWM_RECORDS_END_DATE;截止日期：Y$DATE$?!;;;;;;;;;;X
SWM_RECORDS_TODAY;今天;;;;;;;;;;X
SWM_SELECT_ALL;所有;;;;;;;;;;X
SWM_SELECT_PRESENT;现在的;;;;;;;;;;X
SWM_SELECT_NONE;没有;;;;;;;;;;X
SWM_DURATION_1;上个月;;;;;;;;;;X
SWM_DURATION_2;去年;;;;;;;;;;X
SWM_DURATION_3;整个冲突;;;;;;;;;;X
SWM_GRAPH_MAX_IC_VAL;最大IC：\n$MAX$;;;;;;;;;;X
SWM_GRAPH_MAX_MAN_VAL;最大人力：\n$MAX$;;;;;;;;;;X
SWM_GRAPH_MAX_TONS_VAL;最大吨位： $MAX$;;;;;;;;;;X
SWM_GRAPH_AVG_VAL;平均： $AVG$;;;;;;;;;;X
SWM_GRAPH_HEADER_US;我方损失;;;;;;;;;;X
SWM_GRAPH_HEADER_THEM;对方损失;;;;;;;;;;X
SWM_GRAPH_HEADER_CONVOYS;运输船;;;;;;;;;;X
SWM_GRAPH_HEADER_NAVIES;海军;;;;;;;;;;X
SWM_GRAPH_HEADER_IC;IC;;;;;;;;;;X
SWM_GRAPH_HEADER_MANPOWER;人力;;;;;;;;;;X
SWM_CARGO_LOST_DESC_1;本月我们损失了Y$NUM$?!吨货物。;;;;;;;;;;X
SWM_CARGO_LOST_DESC_2;今年我们损失了Y$NUM$?!吨货物。;;;;;;;;;;X
SWM_CARGO_LOST_DESC_3;我们一共损失了Y$NUM$?!吨货物。;;;;;;;;;;X
SWM_CARGO_SUNK_DESC_1;本月我们击沉了Y$NUM$?!吨货物。;;;;;;;;;;X
SWM_CARGO_SUNK_DESC_2;今年我们击沉了Y$NUM$?!吨货物。;;;;;;;;;;X
SWM_CARGO_SUNK_DESC_3;我们一共击沉了Y$NUM$?!吨货物。;;;;;;;;;;X
SWM_OUR_PROV_DAMAGE_DESC_1;本月大约R$PERC$%?!的我国城市遭到轰炸。;;;;;;;;;;X
SWM_OUR_PROV_DAMAGE_DESC_2;今年大约R$PERC$%?!的我国城市遭到轰炸。;;;;;;;;;;X
SWM_OUR_PROV_DAMAGE_DESC_3;总共大约R$PERC$%?!的我国城市遭到轰炸。;;;;;;;;;;X
SWM_THEIR_PROV_DAMAGE_DESC_1;本月大约 R$PERC$%?!的该国城市遭到轰炸。;;;;;;;;;;X
SWM_THEIR_PROV_DAMAGE_DESC_2;今年大约 R$PERC$%?!的该国城市遭到轰炸。;;;;;;;;;;X
SWM_THEIR_PROV_DAMAGE_DESC_3;总共大约 R$PERC$%?!的该国城市遭到轰炸。;;;;;;;;;;X
SWM_OUR_BOMBERS_DAMAGE_DESC_1;本月敌军轰炸机损失了R$DAM$?!。;;;;;;;;;;X
SWM_OUR_BOMBERS_DAMAGE_DESC_2;今年敌军轰炸机损失了R$DAM$?!。;;;;;;;;;;X
SWM_OUR_BOMBERS_DAMAGE_DESC_3;敌军轰炸机总共损失了R$DAM$?!。;;;;;;;;;;X
SWM_THEIR_BOMBERS_DAMAGE_DESC_1;本月我军轰炸机损失了R$DAM$?!。;;;;;;;;;;X
SWM_THEIR_BOMBERS_DAMAGE_DESC_2;今年我军轰炸机损失了R$DAM$?!。;;;;;;;;;;X
SWM_THEIR_BOMBERS_DAMAGE_DESC_3;我军轰炸机总共损失了R$DAM$?!。;;;;;;;;;;X
SWM_LOSSES_PROVINCE;省份;;;;;;;;;;X
SWM_LOSSES_BOMBERS;轰炸机;;;;;;;;;;X
SWM_MAX_DAMAGE;最大伤害: $DAM$;;;;;;;;;;X
SWM_TOOLTIP_TAB_NAVAL;比较敌我双方与Y猎杀运输船?有关的G海军?!损失。;;;;;;;;;;X
SWM_TOOLTIP_TAB_AIR;比较敌我双方与Y战略轰炸?有关的G空军?损失。;;;;;;;;;;X
SWM_TOOLTIP_TAB_LAND;比较敌我双方与Y陆战?和Y非正常损耗?有关的G陆军?!损失。;;;;;;;;;;X
SWM_TOOLTIP_NAVAL_OUR_CONVOYS;Y我方?!运输船损失的IC估计值。;;;;;;;;;;X
SWM_TOOLTIP_NAVAL_OUR_ATTACKERS;Y敌方?海军在猎杀我国运输船期间的损失的IC估计值（修复费用和补充沉没舰船费用）。;;;;;;;;;;X
SWM_TOOLTIP_NAVAL_OUR_CARGO;Y我方?运输船损失的货物的IC估计值。;;;;;;;;;;X
SWM_TOOLTIP_NAVAL_THEIR_CONVOYS;Y敌方?运输船损失的IC估计值。;;;;;;;;;;X
SWM_TOOLTIP_NAVAL_THEIR_ATTACKERS;Y我方?海军在猎杀敌国运输船期间的损失的IC估计值（修复费用和补充沉没舰船费用）。;;;;;;;;;;X
SWM_TOOLTIP_NAVAL_THEIR_CARGO;敌方?运输船损失的货物的IC估计值。;;;;;;;;;;X
SWM_TOOLTIP_AIR_OUR_PROVINCE;敌方轰炸机对Y我方?!省份造成损失的估计值。\n包括损毁的建筑，被毁的货物与补给，以及陆军伤亡。;;;;;;;;;;X
SWM_TOOLTIP_AIR_OUR_BOMBERS;Y敌方?!轰炸机的损失的估计值。;;;;;;;;;;X
SWM_TOOLTIP_AIR_THEIR_PROVINCE;我方轰炸机对Y敌方?省份造成损失的估计值。\n包括损毁的建筑，被毁的货物与补给，以及陆军伤亡。;;;;;;;;;;X
SWM_TOOLTIP_AIR_THEIR_BOMBERS;我方?轰炸机的损失的估计值。;;;;;;;;;;X
SWM_TOOLTIP_LAND_IC_US;补充Y我方?!在战斗中遭到损失部队的费用的估计值。;;;;;;;;;;X
SWM_TOOLTIP_LAND_IC_THEM;补充Y敌方?在战斗中遭到损失部队的费用的估计值。;;;;;;;;;;X
SWM_TOOLTIP_LAND_MAN_US;补充Y我方?在战斗中遭到损失部队的人力的估计值。;;;;;;;;;;X
SWM_TOOLTIP_LAND_MAN_THEM;补充Y敌方?在战斗中遭到损失部队的人力的估计值。;;;;;;;;;;X
UNIT_REPAIR_COST_MULT;修理花费修正;;;;;;;;;;X
SPY_PRODUCTION_LABEL;生产;;;;;;;;;;X
LEAVE_FACTION;脱离阵营;;;;;;;;;;X
REJOIN_FACTION;重返阵营;;;;;;;;;;X
LEAVE_FACTION_INTENTION;Y$COUNTRY$?! R将脱离阵营?!;;;;;;;;;;X
COVERT_OPS_POINTS;秘密行动点数:;;;;;;;;;;X
SPYMISSION_COVERT_OPS_TITLE;秘密行动;;;;;;;;;;X
SPYMISSION_COVERT_OPS_DESC;准备实施秘密行动，破坏和特种部队渗透。;;;;;;;;;;X
COVERT_MISSIONS_LABEL;秘密任务;;;;;;;;;;X
COVERT_OPS_SORT;秘密;;;;;;;;;;X
MODIFIER_LAND_INTEL_BOOST;陆军情报加成;;;;;;;;;;X
MODIFIER_NAVAL_INTEL_BOOST;海军情报加成;;;;;;;;;;X
MODIFIER_LOCAL_UNIT_SPEED;其他本地速度影响;;;;;;;;;;X
MODIFIER_STRATEGIC_RESOURCE_EFFICIENCY;战略物资损失;;;;;;;;;;X
FE_CUSTOM_GAMES;自定义游戏;;;;;;;;;;X
EVTNAME18000;摧毁间谍组织;;;;;;;;;;X
EVTDESC18000;我国特工成功逮捕了敌国间谍，并摧毁了整个间谍组织。这将在一定时间内提高我国的反间谍效率。;;;;;;;;;;X
EVTOPTA18000;好消息!;;;;;;;;;;X
EVTNAME18001;密码被窃;;;;;;;;;;X
EVTDESC18001;最近我国的反间谍工作遭遇重大挫折，我国特工的最新密码被敌人窃取。这将在一定时间内降低我国的反间谍效率。;;;;;;;;;;X
EVTOPTA18001;灾难!;;;;;;;;;;X
EVTNAME18002;意外收获的情报;;;;;;;;;;X
EVTDESC18002;通过一系列机智的密谋和一次大胆的行动，我们的一名间谍窃取了敌国的密码本。我们的情报等级将获得提高，直到他们下一次改变密码。;;;;;;;;;;X
sabotage_strategic_resource;破坏战略物资;;;;;;;;;;X
steal_battle_plans;窃取本地战役计划;;;;;;;;;;X
scout_area;侦察区域;;;;;;;;;;X
sabotage_area;破坏区域;;;;;;;;;;X
sabotage_strategic_resource_desc;破坏本地战略物资。;;;;;;;;;;X
steal_battle_plans_desc;渗透并窃取本地战役计划。;;;;;;;;;;X
scout_area_desc;派遣间谍提前侦察区域。;;;;;;;;;;X
sabotage_area_desc;破坏桥梁，涂改路标，阻滞敌军的行动。;;;;;;;;;;X
covertopsmod_sabotage;破坏区域;;;;;;;;;;X
covertopsmod_scout;侦察区域;;;;;;;;;;X
covertopsmod_damage_resource;破坏战略物资;;;;;;;;;;X
DISTRIBUTE_LENDLEASE;工业援助;;;;;;;;;;X
DISTRIBUTE;分发;;;;;;;;;;X
ACT_LENDLEASE_WE_GOI;当我国处于流亡状态时不能获得工业援助。;;;;;;;;;;X
ACT_LENDLEASE_THEM_GOI;我们不能向流亡政府提供工业援助。;;;;;;;;;;X
PROV_DISTANCE_FROM;距$FROM$Y$DIST$千米?!;;;;;;;;;;X
ADD_SPIES_EFFECT;派遣Y$VAL$?!名间谍去Y$TARGET$?!;;;;;;;;;;X
REMOVE_SPIES_EFFECT;撤回Y$VAL$?!名间谍去Y$TARGET$?!;;;;;;;;;;X
ADD_PRACTICAL_EFFECT;Y$TARGET$?!可用数增加G$VAL$?!;;;;;;;;;;X
REDUCE_PRACTICAL_EFFECT;Y$TARGET$?!可用数减少G$VAL$?!;;;;;;;;;;X
tactic_basic_attack;攻击;;;;;;;;;;X
tactic_basic_defend;防御;;;;;;;;;;X
tactic_assault;突击;;;;;;;;;;X
tactic_reckless_assault;鲁莽突袭;;;;;;;;;;X
tactic_encirclement;包围;;;;;;;;;;X
tactic_delay;阻滞;;;;;;;;;;X
tactic_slower_delay;巧妙阻滞;;;;;;;;;;X
tactic_shock;冲击;;;;;;;;;;X
tactic_counterattack;反击;;;;;;;;;;X
tactic_tactical_withdrawal;战术撤退;;;;;;;;;;X
tactic_breakthrough;突破;;;;;;;;;;X
tactic_superior_breakthrough;快速突破;;;;;;;;;;X
tactic_ambush;伏击;;;;;;;;;;X
tactic_blitz;闪电战;;;;;;;;;;X
tactic_super_blitz;闪电突击;;;;;;;;;;X
tactic_elastic_defence;弹性防御;;;;;;;;;;X
tactic_backhand_blow;回击;;;;;;;;;;X
TACTIC_COUNTERED_BY;反制者: Y$NAME$?!\n;;;;;;;;;;X
TACTIC_COUNTERS;反制:;;;;;;;;;;X
DEFENDER_COUNTERED;防御方的战术被攻击方反制了。等级高的将领更容易反制对手的战术。;;;;;;;;;;X
ATTACKER_COUNTERED;攻击方的战术被防御方反制了。等级高的将领更容易反制对手的战术。;;;;;;;;;;X
NONE_COUNTERED;没有人的战术可以反制对手的战术。战斗正常进行。;;;;;;;;;;X
LEADER_INITIATIVE;\nY这名将领等级更高，选择能反制对手的战术的可能性比较高?!;;;;;;;;;;X
CHAT_CHANNEL_GENERAL;全体频道;;;;;;;;;;X
CHAT_SYSTEM;系统;;;;;;;;;;X
CHAT_ERROR_UNKNOWNSLASH;未知命令，输入 '/help' 或 '/?' 展开命令列表;;;;;;;;;;X
CHAT_ERROR_UNKNOWNCHANNELUSER;频道中找不到用户 '$NAME$' ;;;;;;;;;;X
CHAT_ERROR_UNKNOWNUSER;找不到用户 '$NAME$';;;;;;;;;;X
CHAT_SLAP;$FIRST$用大猎豹猛击$SECOND$;;;;;;;;;;X
CHAT_ERROR_SLAP_MISSINGARG;Invalid syntax, expected: /slap <username>;;;;;;;;;;X
CHAT_ERROR_ME_MISSINGARG;Invalid syntax, expected: /me <message>;;;;;;;;;;X
CHAT_ERROR_CREATE_MISSINGARG;Invalid syntax, expected: /create <channel name>;;;;;;;;;;X
CHAT_ERROR_INVITE_MISSINGARG;Invalid syntax, expected: /invite <username>;;;;;;;;;;X
CHAT_ERROR_INVITE_NOTOPERATOR;Only channel creator can invite users;;;;;;;;;;X
CHAT_ERROR_INVITE_ALREADYTHERE;User is already in channel;;;;;;;;;;X
CHAT_ERROR_KICK_MISSINGARG;Invalid syntax, expected: /kick <username>;;;;;;;;;;X
CHAT_ERROR_KICK_NOTOPERATOR;Only channel creator can kick users;;;;;;;;;;X
CHAT_ERROR_KICK_NOTTHERE;User is not in channel;;;;;;;;;;X
CHAT_ERROR_WHISPER_MISSINGARG;Invalid syntax, expected: /whisper <username> <message>;;;;;;;;;;X
CHAT_ERROR_REPLY_MISSINGARG;Invalid syntax, expected: /reply <message>;;;;;;;;;;X
CHAT_ERROR_REPLY_MISSINGUSER;No connected user to reply to;;;;;;;;;;X
CHAT_WHISPER_TO;To $NAME$;;;;;;;;;;X
CHAT_ROLL;$USER$ rolls a d$DIE$, Computer says '$NUMBER$';;;;;;;;;;X
CHAT_YES;Yes;;;;;;;;;;X
CHAT_NO;No;;;;;;;;;;X
CHAT_BETWEEN_X_AND_Y;Chat between $X$ and $Y$;;;;;;;;;;X
CHAT_USERJOINEDCHANNEL;$NAME$ joined channel;;;;;;;;;;X
CHAT_USERLEFTCHANNEL;$NAME$ left channel;;;;;;;;;;X
CHAT_USERDISCONNECTED;$NAME$ disconnected;;;;;;;;;;X
CHAT_USERWASBANNED;$NAME$ was kicked by $OP$;;;;;;;;;;X
CHAT_YOUWEREBANNED;You were kicked by $OP$ from $CHANNEL$;;;;;;;;;;X
CHAT_AXIS;Axis;;;;;;;;;;X
CHAT_ALLIES;Allies;;;;;;;;;;X
CHAT_COMINTERN;Comintern;;;;;;;;;;X
CHAT_NEUTRAL;Neutral;;;;;;;;;;X
infantry_unit_type;步兵;;;;;;;;;;X
direct_fire_unit_type;直瞄火力;;;;;;;;;;X
support_unit_type;支援;;;;;;;;;;X
artillery_unit_type;炮兵;;;;;;;;;;X
armor_unit_type;装甲;;;;;;;;;;X
infantry_unit_type_desc;步兵是多兵种混合部队的基础。步兵与其他部队混编可以得到战斗加成。;;;;;;;;;;X
direct_fire_unit_type_desc;直瞄火力部队可以对视野范围内的敌军开火。;;;;;;;;;;X
support_unit_type_desc;支援部队可以为一个师提供多种用途或某种特殊能力，使部队能负担各种任务。;;;;;;;;;;X
artillery_unit_type_desc;炮兵可以越过其他部队或障碍物，在远距离对敌军造成杀伤。;;;;;;;;;;X
armor_unit_type_desc;装甲部队为一个师提供突击能力，机动性和防护能力。合成兵种科技可以增加这些部队带来的战斗效率加成。;;;;;;;;;;X
INTEL_PRODUCTION;生产;;;;;;;;;;X
BP_TOOL_ICON_PARADROP;伞兵图标;;;;;;;;;;X
BP_TOOL_ICON_CARRIER;航母图标;;;;;;;;;;X
BP_TOOL_ICON_BATTLESHIP;战列舰图标;;;;;;;;;;X
BP_TOOL_ICON_SUB;潜艇图标;;;;;;;;;;X
BP_TOOL_ICON_LANDING;登陆艇图标;;;;;;;;;;X
ARMOR_VALUE;装甲;;;;;;;;;;X
AP_ATTACK;穿甲攻击;;;;;;;;;;X
BUILD_PIERCING_IRO;穿甲攻击;;;;;;;;;;X
BUILD_PIERCING_DRO;这个旅的穿甲能力。;;;;;;;;;;X
BUILD_ARMOR_IRO;装甲;;;;;;;;;;X
BUILD_ARMOR_DRO;这个旅的防穿甲能力。;;;;;;;;;;X
BM_ARMOR_ADVANTAGE;装甲优势;;;;;;;;;;X
BM_ARMOR_ADVANTAGE_desc;拥有远胜于敌军穿甲能力的装甲部队的师不仅可以遭受更少的伤亡，还能对敌方造成更大的组织度打击。;;;;;;;;;;X
SCW_Axis_1;控制塞维利亚;;;;;;;;;;X
SCW_Axis_2;控制马德里;;;;;;;;;;X
SCW_Axis_3;控制巴塞罗那;;;;;;;;;;X
SCW_Axis_4;控制瓦伦西亚;;;;;;;;;;X
SCW_Allies_1;控制马德里;;;;;;;;;;X
SCW_Allies_2;控制塞维利亚;;;;;;;;;;X
SCW_Allies_3;控制拉科鲁尼亚;;;;;;;;;;X
SCW_Allies_4;控制维尔瓦;;;;;;;;;;X
ENDGAMEHEADER_SCW_SPA_WIN;胜利!;;;;;;;;;;X
ENDGAMEHEADER_SCW_SPA_LOSS;失败!;;;;;;;;;;X
ENDGAMEHEADER_SCW_SPR_WIN;胜利!;;;;;;;;;;X
ENDGAMEHEADER_SCW_SPR_LOSS;失败!;;;;;;;;;;X
ENDGAMEBODY_SCW_SPA_WIN;随着我们的胜利，祖国将免于遭受共产主义者，民主主义者和保皇派的腐朽统治。我们将在佛朗哥将军的带领下实现伟大复兴！;;;;;;;;;;X
ENDGAMEBODY_SCW_SPA_LOSS;我们的失败使祖国陷入共产主义者和民主主义者的腐朽统治。西班牙和西班牙教会将迎来毁灭。;;;;;;;;;;X
ENDGAMEBODY_SCW_SPR_WIN;我们对佛朗哥法西斯势力的大胜确保西班牙共和国将永保民主和自由。;;;;;;;;;;X
ENDGAMEBODY_SCW_SPR_LOSS;我们的失败意味着法西斯主义的胜利。毫无疑问，佛朗哥将与德国和意大利狼狈为奸，带领西班牙加入与欧洲民主国家的战争，最终走向灭亡。;;;;;;;;;;X
WW_Axis_1;控制维堡直到1940年1月5日;;;;;;;;;;X
WW_Axis_2;控制列宁格勒;;;;;;;;;;X
WW_Axis_3;列宁格勒价值2胜利点;;;;;;;;;;X
WW_comintern_1;控制维堡;;;;;;;;;;X
WW_comintern_2;控制Kakisalmi;;;;;;;;;;X
WW_comintern_3;控制索尔塔瓦拉;;;;;;;;;;X
ENDGAMEHEADER_winter_war_SOV_WIN;胜利!;;;;;;;;;;X
ENDGAMEHEADER_winter_war_SOV_LOSS;失败!;;;;;;;;;;X
ENDGAMEHEADER_winter_war_FIN_WIN;胜利!;;;;;;;;;;X
ENDGAMEHEADER_winter_war_FIN_LOSS;失败!;;;;;;;;;;X
ENDGAMEBODY_winter_war_SOV_WIN;辉煌的胜利将保证列宁格勒的长治久安！;;;;;;;;;;X
ENDGAMEBODY_winter_war_SOV_LOSS;我们的失败导致列宁格勒暴露在芬兰的威胁之下。无疑反动派们正在密谋对付我们！;;;;;;;;;;X
ENDGAMEBODY_winter_war_FIN_WIN;我们对苏联人的胜利再一次粉碎了他们对我国领土的帝国主义野心！;;;;;;;;;;X
ENDGAMEBODY_winter_war_FIN_LOSS;我们的失败使我们不得不放弃边境要塞。要收复失地，我们也许应该与某个更强大的国家结盟，联合起来对付苏联。;;;;;;;;;;X
EVTNAME520;没必要继续战争了;;;;;;;;;;X
EVTDESC520;抗战的失败使我们别无选择，只能割让我国的整个沿海地区。也许有一天我们能光复河山，但现在我们只能埋头苦干。;;;;;;;;;;X
EVTOPTA520;来日方长！;;;;;;;;;;X
china_war_goal;夺取中国沿海地区;;;;;;;;;;X
china_war_goal_setup;中国沿海地区拥有中国的大部分工业和人口。只要掌握了这些地区，我们就没有必要占领整个国家，把时间浪费在与中央政府和各地军阀的不断战斗中。;;;;;;;;;;X
AGGRESSION_ON;战术控制开启。调节滑块以控制各师采取的战术的攻击性。;;;;;;;;;;X
AGGRESSION_OFF;战术控制关闭。设置将取决于上级指挥部或保持适中状态。;;;;;;;;;;X
AGGRESSION_AGGRESSIVE;攻击性;;;;;;;;;;X
AGGRESSION_DEFENSIVE;防御性;;;;;;;;;;X
AGGRESSION_NEUTRAL;适中;;;;;;;;;;X
AGGRESSION_LEVEL;这个等级决定了将领在战斗中采取何种战术。攻击性越强，战斗进行得越快，但也会造成更大风险。\n现在的状态：Y$STATUS$?!;;;;;;;;;;X
REQLENDTITLE;请求工业援助;;;;;;;;;;X
CANCELLENDTITLE;取消工业援助;;;;;;;;;;X
BP_TOOL_ICON_INFANTRY;步兵图标;;;;;;;;;;X
BP_TOOL_ICON_COMBAT;战斗图标;;;;;;;;;;X
SWM_STRATEGIC_WARFARE_OVERVIEW;战略界面概览;;;;;;;;;;X
